number,sex,age,literacy,auurance,spouse,offspring,parent,emplyee,totalscore,experience1,experience2,experience3,experience4,experience5,experience6,experience7,experience8,Satisfaction
1,2,1,3,4,0,0,1,0,4.875,5,4.66666666666667,5,5,5,5,4.33333333333333,5,10
2,2,1,3,1,0,0,1,0,4.74702380952381,5,4.33333333333333,4.28571428571429,4.75,5,4.75,5,4.85714285714286,8
3,1,1,4,2,0,0,1,0,4.00595238095238,4,4,3.71428571428571,4,4,4,4.33333333333333,4,8
4,2,1,4,1,0,0,1,0,4.01339285714286,3.66666666666667,4,3.85714285714286,4,4,4.25,4.33333333333333,4,9
5,1,1,4,1,0,0,1,0,3.44940476190476,4,3,3,3,4,3.5,3.66666666666667,3.42857142857143,8
6,2,1,4,1,0,0,0,0,4.83184523809524,4.66666666666667,5,4.85714285714286,4.75,5,5,4.66666666666667,4.71428571428571,10
7,2,1,4,1,0,0,1,0,3.98958333333333,4,4.33333333333333,3.85714285714286,3.75,4,3.5,4.33333333333333,4.14285714285714,8
8,2,1,2,4,1,0,0,0,4.78422619047619,4.66666666666667,4,4.85714285714286,4.75,5,5,5,5,10
9,2,1,2,4,1,0,0,0,3.8735119047619,3.66666666666667,3.66666666666667,3.42857142857143,4.25,3.5,4,4.33333333333333,4.14285714285714,9
10,1,1,3,2,0,0,1,0,4.46577380952381,4,4.66666666666667,3.57142857142857,5,4.5,4.75,4.66666666666667,4.57142857142857,8
11,2,1,4,4,0,0,1,0,4.94642857142857,5,5,4.71428571428571,5,5,5,5,4.85714285714286,10
12,2,1,4,4,0,0,1,0,3.94791666666667,3.33333333333333,4,3.85714285714286,4,4,4.25,4,4.14285714285714,9
13,2,1,4,1,0,0,1,0,4.12946428571429,4,4,4,4.25,4.5,4,4,4.28571428571429,10
14,2,1,4,1,0,0,1,0,4.92261904761905,4.66666666666667,5,4.71428571428571,5,5,5,5,5,10
15,1,1,3,4,0,0,1,0,4.82738095238095,5,4.33333333333333,4.28571428571429,5,5,5,5,5,9
16,1,1,4,4,0,0,1,0,4.78869047619048,4.66666666666667,5,4.28571428571429,4.5,5,5,5,4.85714285714286,9
17,2,1,4,1,0,0,1,0,4.66071428571429,4.66666666666667,4.66666666666667,4.71428571428571,4.5,5,4.5,4.66666666666667,4.57142857142857,10
18,1,1,2,2,0,0,1,0,3.77827380952381,4,3.66666666666667,3.14285714285714,3.75,4.5,3.5,3.66666666666667,4,7
19,1,1,3,2,0,0,1,0,4.49107142857143,4.66666666666667,5,4.14285714285714,4.25,4.5,4.75,4.33333333333333,4.28571428571429,10
20,2,1,4,4,0,0,1,0,4.54910714285714,4,4,4.57142857142857,4.75,5,4.5,5,4.57142857142857,10
21,2,1,4,1,0,0,1,0,4.77380952380952,4.33333333333333,5,5,4.75,4.5,4.75,5,4.85714285714286,10
22,1,1,4,4,0,0,1,1,3.79464285714286,4,2.66666666666667,4,3.75,4,3.75,4.33333333333333,3.85714285714286,3
23,2,1,4,2,0,0,1,0,4.53422619047619,4.66666666666667,4.33333333333333,4.42857142857143,4.75,4.5,4.5,4.66666666666667,4.42857142857143,10
24,1,1,4,1,0,0,1,0,4.84226190476191,4.66666666666667,5,4.57142857142857,4.5,5,5,5,5,9
25,2,1,4,1,0,0,1,0,4.82291666666667,4.66666666666667,5,5,5,4.5,4.75,4.66666666666667,5,10
26,1,1,4,1,1,0,1,0,4.00446428571429,4,3.66666666666667,3.85714285714286,4,4.5,4.25,4.33333333333333,3.42857142857143,10
27,1,1,4,1,0,0,0,1,4.89880952380952,4.66666666666667,5,5,5,5,5,4.66666666666667,4.85714285714286,10
28,2,1,4,1,0,0,1,0,4.95833333333333,4.66666666666667,5,5,5,5,5,5,5,10
29,2,1,4,1,0,0,1,0,4.96428571428571,5,5,4.71428571428571,5,5,5,5,5,10
30,2,1,4,1,0,0,1,0,4.20238095238095,4,4,4,4.25,5,3.75,4.33333333333333,4.28571428571429,9
31,2,1,3,4,1,0,1,0,4.70089285714286,4.66666666666667,4.33333333333333,4.42857142857143,5,5,4.75,5,4.42857142857143,9
32,2,1,3,2,1,0,0,0,4.17113095238095,4,4,4,4,4.5,4.25,4.33333333333333,4.28571428571429,9
33,2,1,2,2,0,0,0,0,3.78869047619048,3,4,3.85714285714286,3.5,4.5,3.5,3.66666666666667,4.28571428571429,3
34,1,1,3,1,0,0,0,1,4.40327380952381,4.66666666666667,4.66666666666667,4.71428571428571,4.25,4,4.5,4,4.42857142857143,9
35,1,1,4,1,0,0,1,0,4.43005952380952,4.33333333333333,5,4.14285714285714,4.25,4.5,4.5,4,4.71428571428571,10
36,2,1,4,4,1,0,0,0,3.92410714285714,2.66666666666667,5,3,3.75,4.5,4,4.33333333333333,4.14285714285714,7
37,2,1,4,2,1,0,0,0,4.73809523809524,3.33333333333333,5,4.71428571428571,5,5,5,5,4.85714285714286,10
38,2,1,4,1,1,0,0,0,4.71875,4,5,4,4.75,5,5,5,5,9
39,1,1,4,1,0,0,1,0,4.85267857142857,5,5,4.57142857142857,4.75,4.5,5,5,5,10
40,1,1,4,1,0,0,1,0,4.53571428571429,5,5,3.85714285714286,4.5,5,4.5,4,4.42857142857143,8
41,1,1,4,1,0,0,1,1,4.75595238095238,4.66666666666667,4.66666666666667,3.71428571428571,5,5,5,5,5,8
42,2,1,4,1,0,0,1,0,4.53422619047619,3.33333333333333,4.66666666666667,4.85714285714286,5,4.5,4.25,4.66666666666667,5,10
43,1,1,3,1,1,0,0,0,4.74404761904762,5,4,4.57142857142857,5,5,5,4.66666666666667,4.71428571428571,10
44,2,1,4,4,1,0,1,1,4.49107142857143,4.33333333333333,5,3.71428571428571,4.5,4.5,4.5,4.66666666666667,4.71428571428571,9
45,2,1,4,1,1,0,0,0,3.96130952380952,3.33333333333333,3.66666666666667,3.71428571428571,3.75,4.5,4.25,4.33333333333333,4.14285714285714,9
46,2,1,4,4,1,0,0,0,4.20833333333333,3,5,4.28571428571429,4.5,3.5,4,4.66666666666667,4.71428571428571,10
47,2,1,4,1,1,0,1,1,4.64880952380952,4.33333333333333,5,4.42857142857143,4.5,4.5,5,5,4.42857142857143,10
48,2,1,4,1,1,0,0,1,4.18898809523809,3.33333333333333,5,3.71428571428571,3.5,4.5,4.75,4,4.71428571428571,8
49,1,1,3,1,0,0,1,0,3.90178571428571,4,4,3.71428571428571,4,3.5,4,4,4,8
50,1,1,4,2,0,0,1,0,4.14136904761905,3,5,4,4.25,4.5,4,3.66666666666667,4.71428571428571,8
51,1,1,2,4,1,0,0,0,4.23065476190476,4,4.33333333333333,4,4,4.5,4.25,4.33333333333333,4.42857142857143,9
52,1,1,2,2,1,0,0,0,4.95833333333333,5,4.66666666666667,5,5,5,5,5,5,10
53,1,1,4,1,1,0,0,0,4.59821428571429,3.33333333333333,5,4.28571428571429,5,4.5,5,4.66666666666667,5,9
54,1,1,4,1,1,0,1,0,4.76339285714286,5,5,4,4.75,4.5,5,5,4.85714285714286,9
55,2,1,3,1,0,0,0,0,4.66815476190476,5,5,4.57142857142857,4.5,4,4.75,4.66666666666667,4.85714285714286,9
56,1,1,4,1,0,0,0,0,4.05654761904762,3.66666666666667,4,4,4,4.5,4,4,4.28571428571429,10
57,1,1,4,1,0,0,1,0,4.74255952380952,5,5,3.85714285714286,5,5,4.75,4.33333333333333,5,8
58,2,1,3,4,1,0,0,0,4.74107142857143,5,4.66666666666667,4.42857142857143,4.75,5,4.75,4.33333333333333,5,10
59,1,1,4,1,1,0,0,1,4.87351190476191,4.66666666666667,5,4.57142857142857,4.75,5,5,5,5,10
60,1,1,4,1,1,0,1,0,4.32142857142857,3.33333333333333,4.33333333333333,4,4.5,5,4.5,4.33333333333333,4.57142857142857,9
61,1,1,4,1,1,0,1,0,4.75744047619048,4.66666666666667,5,4.42857142857143,4.5,5,4.75,5,4.71428571428571,9
62,1,1,3,1,0,0,1,0,4.79613095238095,4.66666666666667,4.66666666666667,4.57142857142857,4.75,5,5,5,4.71428571428571,10
63,1,1,4,1,0,0,1,1,4.81845238095238,5,4.33333333333333,4.71428571428571,4.75,5,4.75,5,5,9
64,1,1,4,1,0,0,1,0,4.74702380952381,4.66666666666667,5,4.42857142857143,4.75,5,4.75,4.66666666666667,4.71428571428571,9
65,2,1,4,1,0,0,1,0,4.77380952380952,3.33333333333333,5,4.85714285714286,5,5,5,5,5,10
66,2,1,4,1,0,0,1,0,4.00595238095238,4,4,3.57142857142857,4,4,4,4.33333333333333,4.14285714285714,8
67,2,1,2,2,1,0,0,0,4.95833333333333,5,4.66666666666667,5,5,5,5,5,5,10
68,1,1,4,1,1,0,0,0,4.95833333333333,4.66666666666667,5,5,5,5,5,5,5,10
69,2,1,4,1,1,0,0,0,3.68005952380952,4,4,2.85714285714286,2.75,5,3.5,3.33333333333333,4,7
70,2,1,2,1,0,1,0,0,4.71428571428571,5,5,4.71428571428571,4.5,4,4.5,5,5,9
71,1,1,3,2,1,0,0,0,4.15327380952381,4,4,3.71428571428571,4,4.5,4.25,4.33333333333333,4.42857142857143,9
72,2,1,3,1,1,0,0,0,4.57886904761905,4.66666666666667,4.33333333333333,4,4.25,5,5,4.66666666666667,4.71428571428571,9
73,1,1,4,1,1,0,1,0,4.91964285714286,5,5,4.85714285714286,5,4.5,5,5,5,10
74,1,1,4,1,1,0,0,0,4.94047619047619,5,4.66666666666667,4.85714285714286,5,5,5,5,5,10
75,1,1,4,1,1,0,0,0,4.63244047619048,4,5,4.14285714285714,4.5,5,4.75,4.66666666666667,5,9
76,2,1,4,1,1,0,1,0,4.87946428571429,5,5,4.42857142857143,4.75,5,5,5,4.85714285714286,10
77,2,1,4,1,1,0,1,0,4.69047619047619,5,5,4.57142857142857,5,5,5,3.66666666666667,4.28571428571429,9
78,2,1,4,1,1,0,1,0,4.85119047619048,5,5,4.28571428571429,5,5,5,4.66666666666667,4.85714285714286,9
79,1,1,4,1,0,0,0,0,4.69940476190476,4,5,4.42857142857143,5,5,4.5,4.66666666666667,5,9
80,2,1,4,1,0,0,1,0,3.62946428571429,3.66666666666667,2,3,4,4.5,4.25,4.33333333333333,3.28571428571429,7
81,1,1,4,1,0,0,1,0,4.73511904761905,4,4.66666666666667,4.85714285714286,5,4.5,5,5,4.85714285714286,10
82,1,1,4,1,0,0,1,0,4.93303571428571,5,5,5,5,5,4.75,5,4.71428571428571,10
83,1,1,4,1,1,0,0,0,4.76190476190476,4.66666666666667,5,4.71428571428571,4.5,4.5,5,5,4.71428571428571,10
84,1,1,4,1,1,0,0,0,4.90476190476191,4.66666666666667,5,4.57142857142857,5,5,5,5,5,10
85,1,1,4,1,1,0,1,0,4.91964285714286,5,5,4.85714285714286,5,5,4.5,5,5,9
86,2,1,4,1,1,0,0,0,4.78720238095238,4.66666666666667,4.66666666666667,4.71428571428571,4.75,4.5,5,5,5,10
87,1,1,3,2,1,0,0,0,4.64136904761905,4,5,4.71428571428571,4.5,4.5,4.75,4.66666666666667,5,10
88,1,1,3,2,1,0,0,0,3.40029761904762,2.66666666666667,3.33333333333333,2.71428571428571,3.5,4,3.75,3.66666666666667,3.57142857142857,7
89,1,1,4,4,1,0,0,0,4.83928571428571,5,4,4.85714285714286,5,5,5,5,4.85714285714286,10
90,1,1,4,1,1,0,0,0,3.98363095238095,3,4,4,4,4,4.25,4.33333333333333,4.28571428571429,10
91,1,1,4,1,1,0,0,0,4.88095238095238,4.33333333333333,5,4.71428571428571,5,5,5,5,5,10
92,1,1,3,1,0,0,1,0,4.02827380952381,3.33333333333333,3.66666666666667,4,4,4.5,4.25,4.33333333333333,4.14285714285714,9
93,1,1,3,1,0,0,1,0,4.67410714285714,4.66666666666667,4.66666666666667,4.42857142857143,4.5,5,4.75,4.66666666666667,4.71428571428571,10
94,2,1,2,2,1,0,0,0,4.09523809523809,4,4,4,4,4,4,4.33333333333333,4.42857142857143,9
95,1,1,3,1,1,0,1,0,4.55208333333333,5,5,4.14285714285714,4.5,4.5,3.75,4.66666666666667,4.85714285714286,10
96,1,1,4,1,1,0,0,0,4.61011904761905,4.33333333333333,4.66666666666667,4.28571428571429,4.5,5,5,4.66666666666667,4.42857142857143,10
97,1,1,4,1,1,0,1,0,4.88392857142857,5,5,4.57142857142857,5,4.5,5,5,5,10
98,2,1,4,1,1,0,0,0,4.94047619047619,4.66666666666667,5,4.85714285714286,5,5,5,5,5,10
99,2,1,4,1,1,0,0,0,4.04166666666667,4,4,3.85714285714286,4,4,4,4.33333333333333,4.14285714285714,9
100,2,1,4,1,1,0,0,0,4.04166666666667,4,3,3.71428571428571,4.25,4.5,4.25,4.33333333333333,4.28571428571429,9
101,2,1,4,1,0,0,0,0,4.95089285714286,5,5,4.85714285714286,5,5,4.75,5,5,10
102,1,1,4,1,0,0,1,0,4.47023809523809,4,5,4.57142857142857,4.25,5,3.75,4.33333333333333,4.85714285714286,10
103,2,1,4,1,0,0,0,0,4.92261904761905,4.66666666666667,5,4.71428571428571,5,5,5,5,5,10
104,1,1,4,1,0,0,0,0,4.85416666666667,4.33333333333333,5,5,5,4.5,5,5,5,10
105,2,1,1,1,1,0,0,1,4.38839285714286,4,4.33333333333333,4,4.5,4.5,4.25,4.66666666666667,4.85714285714286,9
106,1,1,2,2,1,0,0,0,5,5,5,5,5,5,5,5,5,9
107,2,1,2,2,1,0,0,0,4.2797619047619,4,4.33333333333333,4,4.25,4.5,4.25,4.33333333333333,4.57142857142857,10
108,1,1,4,1,1,0,0,0,4.89880952380952,4.33333333333333,5,4.85714285714286,5,5,5,5,5,10
109,1,1,4,1,1,0,1,1,4.28125,4,4.66666666666667,4,4,5,4.25,4.33333333333333,4,9
110,1,1,4,1,1,0,0,0,4.57291666666667,4,4.33333333333333,4.28571428571429,4.5,5,4.75,5,4.71428571428571,9
111,2,1,4,1,1,0,0,0,4.80357142857143,5,5,4.57142857142857,4.5,5,4.5,5,4.85714285714286,10
112,1,1,1,1,0,0,0,0,4.48511904761905,4,4,4.14285714285714,4.75,5,4.75,4.66666666666667,4.57142857142857,9
113,1,1,4,1,0,0,1,0,4.91964285714286,5,5,4.85714285714286,5,4.5,5,5,5,10
114,2,1,2,2,1,0,0,0,4.81101190476191,4.66666666666667,5,4.57142857142857,5,4.5,4.75,5,5,10
115,1,1,3,3,1,0,0,0,4.83928571428571,4.66666666666667,4.33333333333333,4.85714285714286,5,5,5,5,4.85714285714286,10
116,1,1,4,4,1,0,0,0,4.07589285714286,4,4,3.57142857142857,4,4.5,4.25,4,4.28571428571429,8
117,2,1,4,1,1,0,0,0,4.04166666666667,4,4,4,4,4,4,4.33333333333333,4,9
118,2,1,4,1,0,0,1,0,4.06696428571429,4,4,4,4,4,4.25,4,4.28571428571429,9
119,1,1,2,2,1,0,0,0,3.67261904761905,3.33333333333333,3,3,4,4,4,4.33333333333333,3.71428571428571,2
120,1,1,2,1,1,1,0,0,3.73958333333333,3.33333333333333,4,3,3.75,4,3.5,4.33333333333333,4,3
121,2,1,2,2,1,0,0,0,4.42410714285714,4.33333333333333,4,4.71428571428571,4.75,4,4.5,4.66666666666667,4.42857142857143,10
122,2,1,2,2,1,0,0,0,4.04464285714286,4,3.66666666666667,3.71428571428571,4,4.5,4,4.33333333333333,4.14285714285714,9
123,2,1,3,4,1,0,0,0,4.86309523809524,4.33333333333333,5,4.57142857142857,5,5,5,5,5,10
124,1,1,4,1,1,0,0,0,4.39583333333333,4.66666666666667,4.66666666666667,4.28571428571429,4.25,4.5,3.75,4.33333333333333,4.71428571428571,9
125,1,1,3,1,0,0,1,0,4.65029761904762,4.66666666666667,4.66666666666667,4.57142857142857,4.75,4.5,5,4.33333333333333,4.71428571428571,10
126,2,1,4,1,0,0,1,0,4.14434523809524,4,4,3.85714285714286,4,4,4.25,4.33333333333333,4.71428571428571,8
127,1,1,4,1,0,1,0,0,4.91517857142857,5,5,4.85714285714286,4.75,5,5,5,4.71428571428571,10
128,1,1,1,2,1,0,0,0,4.88392857142857,5,5,4.85714285714286,5,4.5,5,5,4.71428571428571,10
129,1,1,2,4,1,1,0,0,4.50595238095238,4,5,4.14285714285714,4.5,5,4.5,4.33333333333333,4.57142857142857,10
130,1,1,2,2,1,0,0,0,4.70238095238095,4.33333333333333,5,4.42857142857143,4.75,4.5,4.75,5,4.85714285714286,9
131,1,1,2,1,1,0,0,0,4.74851190476191,4.66666666666667,4,4.85714285714286,5,5,4.75,5,4.71428571428571,10
132,1,1,3,4,1,0,0,0,4.80059523809524,4.33333333333333,5,4.57142857142857,5,4.5,5,5,5,10
133,1,1,3,1,1,0,0,0,4.28869047619048,4,4.66666666666667,4.28571428571429,4,4.5,4,4,4.85714285714286,9
134,2,1,3,1,1,0,0,0,4.87797619047619,5,4.66666666666667,4.85714285714286,5,4.5,5,5,5,10
135,2,1,3,1,1,0,0,0,4.64434523809524,4.66666666666667,5,4.28571428571429,4.5,5,4.75,4.66666666666667,4.28571428571429,9
136,1,1,1,1,0,0,0,0,4.91964285714286,5,5,4.85714285714286,4.5,5,5,5,5,10
137,1,1,2,4,0,0,1,0,3.92857142857143,3.66666666666667,4,3.57142857142857,4,4,4,4.33333333333333,3.85714285714286,8
138,1,1,2,4,1,0,0,0,4.50892857142857,4.33333333333333,4.66666666666667,3.71428571428571,4.5,4.5,4.5,5,4.85714285714286,8
139,1,1,2,1,1,0,0,0,4.98214285714286,5,5,4.85714285714286,5,5,5,5,5,10
140,2,1,2,1,1,0,0,0,4.03571428571429,3.66666666666667,4,4,4,4,4,4.33333333333333,4.28571428571429,9
141,1,1,3,1,1,0,0,0,4.55059523809524,4.33333333333333,5,4,4.75,4,4.75,5,4.57142857142857,9
142,1,1,3,1,1,0,0,0,4.88392857142857,5,5,4.71428571428571,4.5,5,5,5,4.85714285714286,9
143,2,1,3,1,1,0,0,0,4.88690476190476,5,5,4.57142857142857,5,5,5,4.66666666666667,4.85714285714286,10
144,2,1,3,1,1,0,0,1,4.92261904761905,4.66666666666667,5,4.71428571428571,5,5,5,5,5,10
145,1,1,4,1,1,0,0,0,4.32142857142857,4,4,4.28571428571429,4.75,4,4.25,5,4.28571428571429,10
146,1,1,4,1,1,0,0,0,4.37648809523809,4,5,3.71428571428571,4.25,4.5,4.5,4.33333333333333,4.71428571428571,9
147,2,1,2,1,0,0,0,0,4.5,4.33333333333333,5,3.14285714285714,4.5,4.5,5,4.66666666666667,4.85714285714286,7
148,2,1,3,1,0,0,1,0,4.61458333333333,4.66666666666667,4.66666666666667,4.28571428571429,4.75,4.5,5,4.33333333333333,4.71428571428571,10
149,2,1,3,4,0,0,1,0,3.95982142857143,4,4.33333333333333,3.14285714285714,4,4,4.25,3.66666666666667,4.28571428571429,7
150,2,1,3,4,0,0,1,0,3.54613095238095,3.33333333333333,3.33333333333333,2.85714285714286,4,4,3.75,3.66666666666667,3.42857142857143,2
151,1,1,4,1,0,0,0,0,4.41815476190476,4.33333333333333,5,4,4.25,4.5,4.5,4.33333333333333,4.42857142857143,9
152,1,2,2,1,1,0,0,0,3.7172619047619,4,4,3.57142857142857,3.5,3.5,3.5,3.66666666666667,4,8
153,2,2,2,1,1,0,0,0,4.86011904761905,4.66666666666667,5,4.71428571428571,5,4.5,5,5,5,10
154,1,2,3,2,1,1,0,0,4.85714285714286,5,4,4.85714285714286,5,5,5,5,5,10
155,1,2,3,1,1,0,0,0,4.27529761904762,4,4.33333333333333,4,4.25,4.5,4.5,4.33333333333333,4.28571428571429,10
156,1,2,3,1,1,0,0,0,4.54910714285714,4,4,4.14285714285714,4.25,5,5,5,5,9
157,1,2,3,1,1,0,0,0,4.89732142857143,5,5,4.42857142857143,4.75,5,5,5,5,9
158,2,2,3,1,1,0,0,0,4.94642857142857,5,5,4.57142857142857,5,5,5,5,5,9
159,1,2,4,1,1,0,0,1,4.83779761904762,5,4.66666666666667,4.42857142857143,4.75,5,5,5,4.85714285714286,10
160,1,2,4,1,1,0,0,0,4.31696428571429,4,4.66666666666667,4,4,5,4.25,4.33333333333333,4.28571428571429,9
161,1,2,4,1,1,0,0,0,4.18452380952381,4,4,3.85714285714286,4.25,4.5,4.25,4.33333333333333,4.28571428571429,8
162,1,2,4,1,1,0,1,0,4.5297619047619,4.33333333333333,4.33333333333333,3.71428571428571,4.75,4.5,4.75,5,4.85714285714286,8
163,2,2,4,1,1,0,0,1,4.60714285714286,5,4.33333333333333,4.14285714285714,4.25,5,4.75,4.66666666666667,4.71428571428571,10
164,1,2,1,1,0,0,0,0,4.90178571428571,5,5,4.71428571428571,5,4.5,5,5,5,10
165,2,2,2,1,0,0,0,1,4.24851190476191,4,4.66666666666667,4,4,4.5,4.25,4,4.57142857142857,9
166,1,2,3,1,0,0,1,0,4.52529761904762,4.33333333333333,4.66666666666667,4.85714285714286,4.75,4,4.5,4.66666666666667,4.42857142857143,10
167,1,2,1,4,1,0,1,0,4.23511904761905,4,4.33333333333333,3.57142857142857,4.75,4.5,4.25,4.33333333333333,4.14285714285714,8
168,1,2,1,2,1,0,0,0,4.79761904761905,4,4.66666666666667,4.71428571428571,5,5,5,5,5,10
169,1,2,1,1,1,0,0,0,4.79761904761905,5,4.66666666666667,4.71428571428571,5,5,4,5,5,10
170,1,2,2,4,1,0,0,0,4.09821428571429,4,3.33333333333333,4,4,4.5,4,4.66666666666667,4.28571428571429,10
171,2,2,2,4,1,0,0,1,4.125,3.66666666666667,4,3.85714285714286,4,4.5,4.5,4.33333333333333,4.14285714285714,9
172,1,2,3,3,1,0,0,0,4.20238095238095,4,4,4,4.25,4.5,4.25,4.33333333333333,4.28571428571429,10
173,1,2,3,2,1,0,0,0,4.13988095238095,4,4,4,4,4,4.5,4.33333333333333,4.28571428571429,10
174,1,2,3,1,1,0,0,0,4.5922619047619,4.33333333333333,4.66666666666667,4,4.75,5,4.75,4.66666666666667,4.57142857142857,9
175,2,2,3,1,1,0,0,0,4.29017857142857,3.66666666666667,2.33333333333333,5,5,4,4.75,5,4.57142857142857,10
176,2,2,3,1,1,1,0,0,4.68601190476191,5,4.66666666666667,4.57142857142857,4.5,5,3.75,5,5,9
177,1,2,4,4,1,0,0,0,4.82589285714286,5,5,3.85714285714286,4.75,5,5,5,5,8
178,1,2,4,1,1,0,0,0,4.79761904761905,4,5,4.71428571428571,5,5,5,4.66666666666667,5,10
179,1,2,4,1,1,0,0,0,4.95833333333333,5,4.66666666666667,5,5,5,5,5,5,10
180,1,2,4,1,1,0,1,1,3.91369047619048,3,4,3.85714285714286,4,4.5,4,3.66666666666667,4.28571428571429,8
181,1,2,3,2,0,1,0,0,3.875,4,3,4,4,4,4,4,4,10
182,1,2,3,2,0,0,0,0,4.37202380952381,4.33333333333333,5,3.57142857142857,4.25,5,4.25,4,4.57142857142857,10
183,1,2,3,1,0,0,1,0,4.75446428571429,4.33333333333333,4.66666666666667,4.71428571428571,4.75,5,5,5,4.57142857142857,10
184,1,2,1,2,1,0,0,0,4.90178571428571,5,5,4.85714285714286,5,4.5,5,5,4.85714285714286,10
185,2,2,1,2,1,1,0,0,4.9375,5,5,5,5,4.5,5,5,5,10
186,2,2,1,1,1,0,0,0,4.76190476190476,4.66666666666667,5,4.57142857142857,4.75,4.5,4.75,5,4.85714285714286,10
187,1,2,2,1,1,0,0,0,4.88392857142857,5,5,4.57142857142857,5,4.5,5,5,5,10
188,1,2,3,2,1,0,0,0,4.94047619047619,4.66666666666667,5,4.85714285714286,5,5,5,5,5,10
189,2,2,3,2,1,1,0,0,3.80208333333333,3.33333333333333,4,3,3.75,4,4,4.33333333333333,4,7
190,1,2,4,2,1,0,0,0,4.43601190476191,3.33333333333333,4.66666666666667,4.71428571428571,4.5,4,4.75,4.66666666666667,4.85714285714286,9
191,1,2,4,1,1,0,0,0,4.09523809523809,4.33333333333333,4,3.42857142857143,4,4.5,4.5,4,4,9
192,2,2,4,1,1,0,0,0,4.48363095238095,4,5,4.42857142857143,4.75,4,4.5,4.33333333333333,4.85714285714286,9
193,2,2,4,1,1,0,0,0,3.95238095238095,4.66666666666667,4.66666666666667,2.85714285714286,3.5,4,3.5,4,4.42857142857143,7
194,1,2,2,4,0,1,0,0,4.77232142857143,5,5,4.85714285714286,4.75,5,5,4,4.57142857142857,10
195,2,2,3,1,0,0,1,0,4.71577380952381,4.66666666666667,4.66666666666667,4.57142857142857,4.75,4.5,5,5,4.57142857142857,10
196,1,2,1,2,1,1,0,0,4.92261904761905,5,4.66666666666667,4.85714285714286,5,5,5,5,4.85714285714286,10
197,1,2,2,4,1,0,0,0,4.91964285714286,5,5,4.85714285714286,5,4.5,5,5,5,10
198,1,2,2,2,1,0,0,0,4.4375,4,4.33333333333333,4.57142857142857,4.75,4,4.75,4.66666666666667,4.42857142857143,10
199,1,2,2,2,1,0,0,0,4.91964285714286,5,5,4.85714285714286,5,4.5,5,5,5,10
200,1,2,2,1,1,1,0,0,4.96428571428571,5,5,4.71428571428571,5,5,5,5,5,10
201,2,2,2,2,1,0,0,0,4.75446428571429,4.66666666666667,4.33333333333333,4.71428571428571,5,5,4.75,5,4.57142857142857,10
202,2,2,2,2,1,0,0,0,4.76934523809524,4.33333333333333,5,4.57142857142857,4.5,5,4.75,5,5,10
203,1,2,3,1,1,0,0,0,4.54761904761905,4,4,4.85714285714286,4.75,4.5,4.75,4.66666666666667,4.85714285714286,10
204,1,2,3,1,1,0,0,0,4.95833333333333,5,4.66666666666667,5,5,5,5,5,5,10
205,2,2,3,1,1,1,0,0,4.95833333333333,5,4.66666666666667,5,5,5,5,5,5,10
206,1,2,4,1,1,0,0,0,4.03125,4,3.66666666666667,4,3.75,4.5,4,4.33333333333333,4,9
207,1,2,4,1,1,0,0,0,4.41815476190476,4,4,4.14285714285714,4.75,5,4.5,4.66666666666667,4.28571428571429,9
208,1,2,4,1,1,0,0,0,3.9672619047619,3.66666666666667,4,3.57142857142857,3.75,5,3.75,4,4,8
209,1,2,4,1,1,0,0,0,3.98065476190476,4.33333333333333,4.33333333333333,3.42857142857143,3.75,4,4,4,4,8
210,2,2,1,2,0,1,0,0,4.64136904761905,4.66666666666667,5,3.85714285714286,4.25,4.5,5,5,4.85714285714286,8
211,1,2,2,4,0,0,1,0,4.25148809523809,4,4,4.14285714285714,4.25,4.5,4.5,4.33333333333333,4.28571428571429,10
212,1,2,2,4,0,1,0,0,4.07589285714286,4,3.66666666666667,4,4,4.5,4.25,4.33333333333333,3.85714285714286,9
213,1,2,2,2,0,1,0,0,4.62648809523809,3.66666666666667,5,4.71428571428571,5,4.5,4.75,4.66666666666667,4.71428571428571,10
214,2,2,4,1,0,1,0,1,3.94047619047619,3.66666666666667,4,3.85714285714286,4,4,4,4,4,8
215,2,2,4,1,0,1,0,0,4.3110119047619,4,4.33333333333333,3.85714285714286,4.25,5,5,3.33333333333333,4.71428571428571,9
216,1,2,1,4,1,0,0,0,4.06696428571429,4,3.66666666666667,4,4,4,4.25,4.33333333333333,4.28571428571429,10
217,1,2,1,3,1,0,0,0,4.79761904761905,4.66666666666667,5,4.85714285714286,5,4.5,4.5,5,4.85714285714286,10
218,1,2,2,2,1,1,0,0,4.72321428571429,4.33333333333333,5,4.28571428571429,5,4.5,5,4.66666666666667,5,9
219,1,2,2,1,1,1,0,0,4.91964285714286,5,5,4.85714285714286,5,4.5,5,5,5,10
220,1,2,3,2,1,0,0,0,4.65327380952381,4.33333333333333,4.66666666666667,4.42857142857143,5,5,4.75,4.33333333333333,4.71428571428571,10
221,1,2,3,1,1,1,0,0,4.875,5,5,5,5,5,4,5,5,10
222,1,2,3,1,1,1,0,0,4.98214285714286,5,5,4.85714285714286,5,5,5,5,5,10
223,2,2,3,1,1,0,0,0,4.29315476190476,3.66666666666667,5,3.85714285714286,4.25,4.5,4.5,4,4.57142857142857,8
224,1,2,4,1,1,0,0,1,4.86011904761905,4.66666666666667,5,4.71428571428571,5,4.5,5,5,5,10
225,1,2,3,2,0,1,0,0,4.13541666666667,4.66666666666667,4,4,3.75,4.5,3.5,4.66666666666667,4,9
226,2,2,3,1,0,0,0,0,4.35267857142857,3.33333333333333,4,4.71428571428571,4.5,5,3.75,4.66666666666667,4.85714285714286,10
227,1,2,1,2,1,0,0,0,4.90476190476191,5,4.66666666666667,4.85714285714286,5,5,5,5,4.71428571428571,10
228,2,2,1,1,1,0,0,0,4.68154761904762,4,5,4.71428571428571,4.75,5,4.75,4.66666666666667,4.57142857142857,10
229,1,2,2,2,1,1,0,0,4.86458333333333,4.66666666666667,5,5,4.75,4.5,5,5,5,10
230,1,2,2,1,1,0,0,0,4.78720238095238,5,5,4.85714285714286,5,4.5,4.75,4.33333333333333,4.85714285714286,10
231,1,2,2,1,1,0,0,0,4.77232142857143,5,5,4.71428571428571,5,5,4.75,4,4.71428571428571,9
232,2,2,2,4,1,1,0,0,4.91964285714286,5,5,4.85714285714286,5,4.5,5,5,5,10
233,2,2,3,4,1,0,0,0,4.80803571428571,5,4,4.71428571428571,4.75,5,5,5,5,10
234,2,2,3,2,1,0,0,0,4.80803571428571,5,5,4.71428571428571,4.75,4.5,4.5,5,5,10
235,2,2,3,2,1,1,0,0,4.15327380952381,4,4,3.85714285714286,4.25,4.5,4,4.33333333333333,4.28571428571429,9
236,1,2,4,2,1,1,0,0,4.81845238095238,4.66666666666667,5,4.71428571428571,4.75,5,4.75,4.66666666666667,5,10
237,1,2,4,1,1,0,0,0,4.91964285714286,5,5,4.85714285714286,5,4.5,5,5,5,10
238,2,2,1,2,0,1,0,0,4.17559523809524,4,4,4,4.25,4.5,3.75,4.33333333333333,4.57142857142857,10
239,1,2,2,3,0,1,0,0,3.93303571428571,4,4,3.85714285714286,4,4,3.75,4,3.85714285714286,8
240,1,2,2,2,1,0,0,0,4.87797619047619,5,4.66666666666667,5,5,4.5,5,5,4.85714285714286,10
241,1,2,2,2,1,0,0,0,4.91964285714286,5,5,4.85714285714286,5,4.5,5,5,5,10
242,1,2,2,2,1,0,0,0,3.82142857142857,3,4,3.57142857142857,4,4,4,4,4,2
243,2,2,3,1,1,0,0,0,4.80357142857143,4.33333333333333,5,4.42857142857143,5,5,5,4.66666666666667,5,9
244,2,2,4,2,1,0,0,0,4.73363095238095,4.66666666666667,4.66666666666667,4.57142857142857,4.75,5,4.5,5,4.71428571428571,9
245,2,2,4,1,1,1,0,0,4.64732142857143,3.66666666666667,4.33333333333333,4.42857142857143,5,5,4.75,5,5,10
246,2,2,1,4,0,1,0,0,3.96130952380952,4,4.33333333333333,3.71428571428571,3.75,4,3.75,4,4.14285714285714,8
247,2,2,2,1,0,1,0,0,4.53125,3.66666666666667,5,4.28571428571429,4.5,5,4.75,4.33333333333333,4.71428571428571,9
248,1,2,3,4,0,0,0,0,4.58630952380952,4.66666666666667,4,4.28571428571429,4.75,5,4.75,4.66666666666667,4.57142857142857,10
249,1,2,3,2,0,1,0,0,3.86309523809524,4,3,3.71428571428571,4,4,4,4.33333333333333,3.85714285714286,8
250,2,2,3,2,0,1,0,0,3.88988095238095,4,4,3.57142857142857,3.75,4,3.75,4.33333333333333,3.71428571428571,8
251,2,2,3,1,0,1,0,0,4.68005952380952,4.33333333333333,5,4,4.75,4.5,5,5,4.85714285714286,9
252,1,2,1,4,1,1,0,0,4.00892857142857,4,3.66666666666667,3,3.25,5,4.25,4.33333333333333,4.57142857142857,8
253,1,2,1,1,1,0,0,0,4.26190476190476,4,4.33333333333333,4,4,4.5,4.5,4.33333333333333,4.42857142857143,8
254,2,2,1,1,1,1,0,0,4.10565476190476,3.66666666666667,4.66666666666667,3,4,4.5,4.25,4.33333333333333,4.42857142857143,7
255,1,2,2,2,1,0,0,0,4.75744047619048,5,5,4.28571428571429,4.5,5,4.75,4.66666666666667,4.85714285714286,9
256,2,2,2,1,1,0,0,0,4.7797619047619,5,5,4.57142857142857,5,5,5,3.66666666666667,5,10
257,1,2,3,2,1,1,0,0,4.77678571428571,4,5,4.71428571428571,5,4.5,5,5,5,10
258,1,2,3,2,1,1,0,0,4.04761904761905,4,4.33333333333333,3.71428571428571,4,4,4,4.33333333333333,4,9
259,1,2,3,2,1,0,0,0,4.65029761904762,5,5,4.57142857142857,4.5,5,3.75,4.66666666666667,4.71428571428571,9
260,1,2,3,1,1,0,0,0,3.86458333333333,4,4,3.71428571428571,3.5,4,3.75,3.66666666666667,4.28571428571429,9
261,2,2,4,1,1,0,0,0,4.54166666666667,4.66666666666667,2.66666666666667,4.42857142857143,5,5,5,5,4.57142857142857,10
262,2,2,4,1,1,0,0,0,4.83779761904762,5,5,4.28571428571429,5,5,4.75,4.66666666666667,5,9
263,2,2,2,1,0,1,0,0,4.74851190476191,3.66666666666667,5,4.57142857142857,5,5,4.75,5,5,10
264,1,2,1,1,1,0,0,0,4.25446428571429,4.33333333333333,4.33333333333333,4,4,4.5,4.25,4.33333333333333,4.28571428571429,9
265,2,2,1,4,1,0,0,0,4.58333333333333,4,5,4.42857142857143,4.25,5,4.75,4.66666666666667,4.57142857142857,9
266,2,2,1,2,1,0,0,0,4.59375,5,5,4.28571428571429,4.5,4.5,3.75,5,4.71428571428571,9
267,1,2,2,2,1,0,0,0,4.58333333333333,4.66666666666667,3,4.28571428571429,5,5,5,5,4.71428571428571,9
268,1,2,2,2,1,1,0,0,4.60714285714286,4,4,4.14285714285714,5,5,5,5,4.71428571428571,9
269,1,2,3,1,1,0,0,0,3.99255952380952,4,4,3.85714285714286,4,4,3.75,4.33333333333333,4,9
270,2,2,3,1,1,0,0,0,4.26934523809524,4.33333333333333,4.33333333333333,3.85714285714286,4,4,4.25,4.66666666666667,4.71428571428571,8
271,1,2,4,4,1,1,0,1,4.18898809523809,4,4.33333333333333,4.14285714285714,4,4.5,4.25,4,4.28571428571429,10
272,2,2,4,1,1,0,0,0,3.34821428571429,2.66666666666667,3.66666666666667,2.42857142857143,2.75,4.5,3.25,3.66666666666667,3.85714285714286,7
273,2,2,1,2,0,0,0,0,4.74702380952381,4.66666666666667,5,4.42857142857143,4.75,5,4.75,4.66666666666667,4.71428571428571,9
274,2,2,1,1,0,1,0,0,4.91964285714286,5,5,4.85714285714286,5,4.5,5,5,5,10
275,1,2,2,2,0,1,0,0,4.76636904761905,4.66666666666667,4,4.85714285714286,5,5,4.75,5,4.85714285714286,10
276,1,2,2,1,0,1,0,0,4.26488095238095,4,4,4,4.25,5,4.25,4.33333333333333,4.28571428571429,9
277,2,2,2,2,0,1,0,0,4.66220238095238,5,4.33333333333333,4.85714285714286,4.5,5,4.75,4,4.85714285714286,10
278,1,2,3,2,0,1,0,0,4.43005952380952,4.66666666666667,4,4.57142857142857,4.5,5,3.75,4.66666666666667,4.28571428571429,10
279,2,2,3,1,0,1,0,0,4.96428571428571,5,5,4.85714285714286,5,5,5,5,4.85714285714286,10
280,2,2,3,1,0,0,1,0,3.875,4,4,3.14285714285714,4,4,4,4,3.85714285714286,8
281,1,2,1,2,1,0,0,0,4.04464285714286,4,4,3.85714285714286,4,4.5,4,4,4,8
282,2,2,1,2,1,0,0,0,4.73660714285714,4.33333333333333,5,4.14285714285714,4.75,5,5,4.66666666666667,5,9
283,1,2,2,3,1,1,0,0,4.27827380952381,4.33333333333333,3.66666666666667,3.85714285714286,4.5,4.5,4.75,4.33333333333333,4.28571428571429,9
284,1,2,2,2,1,1,0,0,4.48065476190476,4.33333333333333,4.66666666666667,4,4.25,5,4.5,4.66666666666667,4.42857142857143,10
285,1,2,2,2,1,0,0,0,4.7202380952381,4.33333333333333,5,4.71428571428571,4.25,5,4.75,5,4.71428571428571,10
286,1,2,2,2,1,0,0,0,4.83184523809524,5,4.33333333333333,4.85714285714286,5,5,4.75,5,4.71428571428571,10
287,1,2,2,2,1,0,0,0,4.13690476190476,4,4,3.42857142857143,4.5,4,4.5,4.66666666666667,4,8
288,1,2,2,1,1,1,0,0,4.90178571428571,5,5,4.71428571428571,5,4.5,5,5,5,10
289,1,2,2,1,1,0,0,0,4.64285714285714,4.33333333333333,5,4.28571428571429,4.75,4.5,4.75,4.66666666666667,4.85714285714286,9
290,2,2,2,1,1,0,0,0,4.38095238095238,4.66666666666667,4,4,4.5,4,4.5,4.66666666666667,4.71428571428571,9
291,1,2,3,2,1,0,0,0,4.44791666666667,4.33333333333333,5,4.28571428571429,4.5,4.5,4.25,4,4.71428571428571,10
292,1,2,3,2,1,0,0,0,4.86755952380952,4.33333333333333,5,4.85714285714286,4.75,5,5,5,5,10
293,1,2,3,1,1,0,0,0,4.91964285714286,5,5,4.85714285714286,5,4.5,5,5,5,10
294,1,2,3,1,1,0,0,0,3.99404761904762,4,4,4,4,4,4,3.66666666666667,4.28571428571429,9
295,1,2,3,1,1,0,0,0,4.02827380952381,3.66666666666667,4.33333333333333,3.85714285714286,4,4,3.75,4.33333333333333,4.28571428571429,9
296,2,2,3,4,1,1,0,1,4.75,5,5,4.14285714285714,4.25,5,4.75,5,4.85714285714286,10
297,2,2,3,2,1,1,0,0,3.38988095238095,3.66666666666667,4,2.57142857142857,2.5,5,3,2.66666666666667,3.71428571428571,1
298,1,2,4,4,1,0,0,0,4.90178571428571,5,5,4.71428571428571,4.75,5,4.75,5,5,10
299,1,2,4,1,1,0,0,0,4.67857142857143,4.33333333333333,4.66666666666667,4.57142857142857,4.75,4.5,4.75,5,4.85714285714286,10
300,1,2,4,1,1,0,0,0,4.72470238095238,4.33333333333333,5,4.71428571428571,5,5,4.75,4,5,10
301,1,2,4,1,1,1,0,0,4.98214285714286,5,5,4.85714285714286,5,5,5,5,5,10
302,2,2,4,1,1,0,0,0,4.87797619047619,4.66666666666667,5,4.85714285714286,4.5,5,5,5,5,10
303,2,2,4,1,1,0,0,0,4.10119047619048,3.66666666666667,4.66666666666667,3.71428571428571,3.75,4,4.25,4.33333333333333,4.42857142857143,9
304,1,2,2,1,0,1,0,0,4.98214285714286,5,5,4.85714285714286,5,5,5,5,5,10
305,2,2,2,1,0,1,0,0,4.50744047619048,5,3.66666666666667,4.42857142857143,4.75,4.5,4,5,4.71428571428571,10
306,1,2,3,1,0,1,0,0,4.73958333333333,5,5,4.57142857142857,4.75,5,4.5,4.66666666666667,4.42857142857143,10
307,1,2,4,1,0,1,0,0,4.82589285714286,5,5,3.85714285714286,4.75,5,5,5,5,8
308,1,2,1,4,1,0,0,0,4.68898809523809,5,4.66666666666667,3.85714285714286,4.75,5,5,4.66666666666667,4.57142857142857,9
309,1,2,1,2,1,0,0,0,4.30208333333333,4,4.66666666666667,4.28571428571429,4,4.5,4.25,4,4.71428571428571,9
310,1,2,1,2,1,0,0,0,4.48511904761905,4.33333333333333,5,4,4.5,4,5,4.33333333333333,4.71428571428571,9
311,1,2,2,4,1,1,0,0,4.91964285714286,5,5,4.85714285714286,5,4.5,5,5,5,10
312,1,2,2,4,1,0,0,0,4.91964285714286,5,5,4.85714285714286,5,4.5,5,5,5,10
313,1,2,2,2,1,1,0,0,4.92261904761905,4.66666666666667,5,4.71428571428571,5,5,5,5,5,10
314,1,2,2,2,1,1,0,0,4.92857142857143,5,5,4.42857142857143,5,5,5,5,5,9
315,1,2,2,1,1,0,0,0,4.76190476190476,4.66666666666667,4,4.71428571428571,5,5,5,5,4.71428571428571,10
316,1,2,2,1,1,0,0,0,3.91666666666667,3.66666666666667,4,3.71428571428571,4,4,4,3.66666666666667,4.28571428571429,9
317,1,2,2,1,1,0,0,0,4.05952380952381,4,4,3.71428571428571,4,4,4,4.33333333333333,4.42857142857143,9
318,1,2,2,1,1,0,0,0,4.16815476190476,4.33333333333333,4.33333333333333,3.57142857142857,4,5,4.25,4,3.85714285714286,9
319,2,2,2,4,1,0,0,0,4.91964285714286,5,5,4.85714285714286,5,4.5,5,5,5,10
320,2,2,2,2,1,1,0,0,4.24255952380952,4,4,4.42857142857143,4.5,4.5,3.75,4.33333333333333,4.42857142857143,9
321,2,2,2,1,1,0,0,0,4.96875,5,5,5,4.75,5,5,5,5,10
322,2,2,2,1,1,1,0,0,4.16666666666667,4,4.33333333333333,4,4.75,4.5,3.75,4,4,9
323,2,2,2,1,1,1,0,0,4.86904761904762,4.66666666666667,5,4.28571428571429,5,5,5,5,5,9
324,1,2,3,1,1,0,0,0,4.48511904761905,4.33333333333333,5,4.57142857142857,4.25,4.5,4.75,4.33333333333333,4.14285714285714,10
325,1,2,3,1,1,0,0,0,4.69642857142857,4.66666666666667,5,4.71428571428571,4.25,5,4.75,4.33333333333333,4.85714285714286,10
326,1,2,3,1,1,0,0,0,4.86011904761905,4.66666666666667,5,4.71428571428571,4.5,5,5,5,5,10
327,1,2,3,1,1,0,0,0,4.24702380952381,4,4,4,4.5,4.5,4.5,4.33333333333333,4.14285714285714,9
328,2,2,3,2,1,0,0,0,4.90922619047619,5,4.66666666666667,4.85714285714286,4.75,5,5,5,5,10
329,2,2,3,1,1,0,0,0,4.09375,4.33333333333333,4,4,4.25,4.5,4,3.66666666666667,4,10
330,1,2,4,4,1,1,0,0,4.95089285714286,5,5,4.85714285714286,4.75,5,5,5,5,10
331,1,2,4,1,1,1,0,0,4.89880952380952,4.66666666666667,5,4.85714285714286,5,5,5,4.66666666666667,5,10
332,1,2,1,2,0,1,0,0,3.48809523809524,3.33333333333333,3.33333333333333,3,3.75,4,3.25,3.66666666666667,3.57142857142857,7
333,1,2,3,1,0,1,0,0,4.72470238095238,5,3.33333333333333,4.71428571428571,5,5,4.75,5,5,10
334,2,2,3,1,0,1,0,0,4.48214285714286,4.33333333333333,5,4.14285714285714,4.25,5,3.75,4.66666666666667,4.71428571428571,9
335,2,2,3,1,0,1,0,1,4.82142857142857,5,5,3.85714285714286,5,5,5,5,4.71428571428571,8
336,1,2,2,2,1,0,0,0,4.38839285714286,4.66666666666667,4,4.57142857142857,4.5,4.5,4.25,4.33333333333333,4.28571428571429,10
337,1,2,2,2,1,0,0,0,4.72321428571429,4.33333333333333,4.66666666666667,4.28571428571429,5,4.5,5,5,5,9
338,2,2,2,2,1,0,0,0,4.91666666666667,4.33333333333333,5,5,5,5,5,5,5,10
339,1,2,3,1,1,1,0,1,4.59077380952381,4.33333333333333,5,4.42857142857143,4.5,5,4.75,4,4.71428571428571,10
340,1,2,3,1,1,0,0,0,5,5,5,5,5,5,5,5,5,9
341,2,2,3,2,1,0,0,0,4.88690476190476,4.66666666666667,5,4.42857142857143,5,5,5,5,5,9
342,2,2,3,1,1,0,0,0,4.29613095238095,5,4,4,4,4.5,4.25,4.33333333333333,4.28571428571429,10
343,1,2,4,1,1,0,0,0,4.91964285714286,5,5,4.85714285714286,5,4.5,5,5,5,10
344,2,2,2,4,0,1,0,0,4.95833333333333,4.66666666666667,5,5,5,5,5,5,5,10
345,2,2,2,1,0,1,0,0,3.7827380952381,3.66666666666667,3.66666666666667,3.28571428571429,4,3.5,4,4,4.14285714285714,2
346,1,2,2,1,0,1,0,1,4.88095238095238,4.33333333333333,5,4.71428571428571,5,5,5,5,5,10
347,1,2,4,1,0,1,0,0,4.50297619047619,4.66666666666667,5,4.28571428571429,4.25,4.5,3.75,5,4.57142857142857,10
348,1,2,1,2,1,0,0,0,4.90178571428571,5,5,4.85714285714286,5,4.5,5,5,4.85714285714286,10
349,1,2,3,2,1,0,0,0,4.98214285714286,5,5,4.85714285714286,5,5,5,5,5,10
350,1,2,3,1,1,0,0,0,4.47172619047619,5,4.33333333333333,4.28571428571429,4,4.5,4.75,4.33333333333333,4.57142857142857,9
351,1,2,3,1,1,0,0,0,4.62946428571429,4.33333333333333,3.66666666666667,4.57142857142857,5,5,4.75,5,4.71428571428571,9
352,1,2,4,1,1,0,0,0,4.96428571428571,5,5,4.85714285714286,5,5,5,5,4.85714285714286,10
353,1,2,4,1,1,1,0,0,3.69494047619048,3.33333333333333,3.33333333333333,3.42857142857143,4,4,3.75,4,3.71428571428571,2
354,1,2,1,4,0,1,0,0,4.86011904761905,4.66666666666667,5,4.71428571428571,5,4.5,5,5,5,10
355,2,2,1,4,0,1,0,0,4.91964285714286,5,5,4.85714285714286,5,5,4.5,5,5,10
356,2,2,2,1,0,1,0,0,4.15029761904762,4,4,4.14285714285714,4,4,4.25,4.66666666666667,4.14285714285714,9
357,1,2,2,1,0,0,0,0,4.95833333333333,4.66666666666667,5,5,5,5,5,5,5,10
358,1,2,3,1,0,1,0,0,4.55505952380952,4,5,4.14285714285714,4.5,5,4.75,4.33333333333333,4.71428571428571,9
359,1,2,3,1,0,1,0,0,4.6875,4.33333333333333,4.66666666666667,4.14285714285714,4.75,5,4.75,5,4.85714285714286,9
360,1,2,3,1,0,0,0,1,4.88392857142857,5,5,4.57142857142857,5,4.5,5,5,5,9
361,1,2,4,1,0,1,0,0,4.625,4.66666666666667,4.66666666666667,4.28571428571429,4.75,4.5,4.75,4.66666666666667,4.71428571428571,9
362,2,2,4,1,0,1,0,0,4.95833333333333,5,4.66666666666667,5,5,5,5,5,5,10
363,1,2,2,2,1,0,0,0,4.96875,5,5,5,5,5,4.75,5,5,10
364,1,2,2,1,1,0,0,0,4.76488095238095,4.66666666666667,4.66666666666667,4.57142857142857,5,4.5,5,5,4.71428571428571,10
365,1,2,3,4,1,0,0,0,4.45386904761905,4.66666666666667,5,3.85714285714286,4.25,4.5,4.5,4,4.85714285714286,9
366,1,2,3,1,1,1,0,1,4.76934523809524,4.66666666666667,5,4.57142857142857,4.5,5,4.75,4.66666666666667,5,10
367,1,2,3,1,1,0,0,0,4.92708333333333,5,4.66666666666667,5,5,5,4.75,5,5,10
368,1,2,3,1,1,0,0,0,3.89880952380952,3.66666666666667,4,3.85714285714286,4,4,4,3.66666666666667,4,9
369,1,2,3,1,1,0,0,0,3.98065476190476,3.66666666666667,4,4,3.75,4,4,4,4.42857142857143,9
370,2,2,3,4,1,0,0,0,4.90178571428571,5,5,4.85714285714286,5,5,4.5,5,4.85714285714286,10
371,1,2,4,1,1,0,0,0,4.86011904761905,5,5,4.85714285714286,4.75,5,4.75,4.66666666666667,4.85714285714286,10
372,1,2,4,1,1,0,0,0,4,4,4,4,4,4,4,4,4,9
373,1,2,2,4,0,1,0,0,4.95833333333333,4.66666666666667,5,5,5,5,5,5,5,10
374,1,2,2,1,0,0,1,0,4.9375,5,5,5,5,5,4.5,5,5,10
375,2,2,3,1,0,0,0,0,4.14285714285714,3.66666666666667,4,4,4.25,4.5,4.25,4.33333333333333,4.14285714285714,10
376,2,2,3,1,0,1,0,0,4.83184523809524,5,5,4.71428571428571,5,5,4.75,4.33333333333333,4.85714285714286,10
377,2,2,4,1,0,1,0,0,4.76488095238095,4.33333333333333,5,4.42857142857143,4.75,5,4.75,5,4.85714285714286,10
378,2,2,1,2,1,0,0,0,4.35267857142857,4.33333333333333,4,4,4,5,4.25,4.66666666666667,4.57142857142857,9
379,1,2,2,2,1,0,0,0,4.33928571428571,4,4.66666666666667,4.14285714285714,4.5,4,4.5,4.33333333333333,4.57142857142857,10
380,1,2,2,1,1,0,0,0,4.20238095238095,4,4,4,4.25,4.5,4.25,4.33333333333333,4.28571428571429,9
381,1,2,2,1,1,0,0,0,4.0014880952381,3.33333333333333,5,3.28571428571429,4,4.5,3.75,4,4.14285714285714,8
382,2,2,2,2,1,0,0,0,4.77529761904762,4.66666666666667,5,4.57142857142857,4.75,4.5,5,5,4.71428571428571,10
383,2,2,2,1,1,1,0,0,3.82886904761905,3.33333333333333,3.66666666666667,3.57142857142857,4,4.5,3.75,3.66666666666667,4.14285714285714,9
384,1,2,3,2,1,0,0,1,4.86904761904762,4.66666666666667,5,4.28571428571429,5,5,5,5,5,9
385,1,2,3,1,1,0,0,0,4.44642857142857,5,4.66666666666667,4,4.25,4,4.75,4.33333333333333,4.57142857142857,10
386,2,2,3,2,1,0,0,0,4.20238095238095,4,4,4,4.25,4.5,4.25,4.33333333333333,4.28571428571429,10
387,2,2,3,1,1,0,0,0,4.85714285714286,5,5,5,5,4,5,5,4.85714285714286,10
388,1,2,4,1,1,0,0,0,4.94642857142857,5,5,4.57142857142857,5,5,5,5,5,10
389,1,2,4,1,1,0,0,0,4.63541666666667,3.33333333333333,5,4.14285714285714,4.75,5,5,5,4.85714285714286,9
390,1,2,4,1,1,0,0,0,4.79315476190476,5,5,4.71428571428571,4.5,5,4.75,4.66666666666667,4.71428571428571,9
391,2,2,4,4,1,0,0,0,4.68452380952381,4.66666666666667,5,4.71428571428571,5,5,5,3.66666666666667,4.42857142857143,10
392,2,2,2,1,0,1,0,0,4.31398809523809,4.66666666666667,4.33333333333333,4,4,4.5,4.25,4.33333333333333,4.42857142857143,9
393,1,2,4,1,0,1,0,0,4.95833333333333,5,4.66666666666667,5,5,5,5,5,5,10
394,2,2,1,4,1,1,0,0,4.78125,5,5,4,4.75,4.5,5,5,5,9
395,2,2,1,2,1,1,0,1,4.74553571428571,4.66666666666667,4.33333333333333,4.71428571428571,4.5,5,4.75,5,5,10
396,1,2,2,1,1,0,0,0,4.94047619047619,4.66666666666667,5,4.85714285714286,5,5,5,5,5,10
397,1,2,2,1,1,0,0,0,4.33482142857143,4.33333333333333,4.33333333333333,4,4.25,4.5,4.5,4.33333333333333,4.42857142857143,9
398,2,2,2,1,1,0,0,0,4.90922619047619,5,5,4.85714285714286,5,5,4.75,4.66666666666667,5,10
399,2,2,2,1,1,0,0,0,4.94047619047619,4.66666666666667,5,4.85714285714286,5,5,5,5,5,10
400,2,2,2,1,1,0,0,0,4.68452380952381,4.66666666666667,5,4.42857142857143,4.5,5,4.5,4.66666666666667,4.71428571428571,9
401,1,2,3,2,1,0,0,0,4.47321428571429,4.33333333333333,4.33333333333333,4.57142857142857,4.75,4,4.75,4.33333333333333,4.71428571428571,10
402,1,2,3,2,1,0,0,0,4.91964285714286,5,5,4.85714285714286,5,4.5,5,5,5,10
403,1,2,3,2,1,1,0,0,4.77827380952381,4.33333333333333,5,4.14285714285714,5,5,4.75,5,5,9
404,1,2,3,1,1,1,0,0,4.55208333333333,4,5,4.28571428571429,4,5,4.75,4.66666666666667,4.71428571428571,10
405,1,2,3,1,1,1,0,0,4.34821428571429,4.66666666666667,5,3.71428571428571,4.25,4,4.25,4.33333333333333,4.57142857142857,8
406,1,2,3,1,1,0,0,0,3.82886904761905,4,3.66666666666667,3.85714285714286,3.5,4,3.75,4,3.85714285714286,2
407,2,2,3,1,1,1,0,0,4.8735119047619,5,5,4.71428571428571,4.75,5,5,4.66666666666667,4.85714285714286,10
408,1,2,1,1,0,1,0,0,4.91964285714286,5,5,4.85714285714286,5,4.5,5,5,5,10
409,2,2,1,1,0,1,0,0,4.19791666666667,4,4,3.85714285714286,4.25,5,4,4.33333333333333,4.14285714285714,8
410,1,2,2,1,0,1,0,0,4.69345238095238,4,5,4.71428571428571,5,5,4.5,4.33333333333333,5,9
411,2,2,2,1,0,1,0,0,4.34672619047619,4.33333333333333,4,4.28571428571429,4.5,4.5,4.25,4.33333333333333,4.57142857142857,9
412,1,2,3,1,0,0,0,0,4.7172619047619,4.66666666666667,4,4.71428571428571,5,5,4.5,5,4.85714285714286,10
413,1,2,3,1,0,0,1,0,4.80952380952381,4.33333333333333,5,4.14285714285714,5,5,5,5,5,9
414,1,2,3,4,0,1,1,0,4.57440476190476,4.66666666666667,4.66666666666667,4.42857142857143,4.5,5,4,4.33333333333333,5,10
415,1,2,3,2,0,1,0,0,4.90922619047619,5,5,4.85714285714286,5,5,4.75,4.66666666666667,5,10
416,1,2,3,2,0,1,0,0,4.98214285714286,5,5,4.85714285714286,5,5,5,5,5,10
417,1,2,3,1,0,1,0,1,4.82142857142857,5,4,5,5,5,5,5,4.57142857142857,10
418,1,2,3,1,0,1,0,0,4.89136904761905,5,5,4.71428571428571,5,5,4.75,4.66666666666667,5,10
419,2,2,3,2,0,1,0,0,4.91666666666667,4.33333333333333,5,5,5,5,5,5,5,10
420,1,2,4,1,0,1,0,0,4.96875,5,5,5,4.75,5,5,5,5,10
421,1,2,1,1,1,0,0,0,4.9047619047619,4.66666666666667,5,4.71428571428571,5,5,5,5,4.85714285714286,10
422,2,2,1,4,1,0,0,0,4.73363095238095,4.33333333333333,5,4.28571428571429,4.75,4.5,5,5,5,9
423,2,2,1,1,1,1,0,0,3.98660714285714,4,4,4,4,4,3.75,4,4.14285714285714,10
424,1,2,2,4,1,0,0,0,4.53422619047619,5,5,4.28571428571429,4.5,4.5,3.75,4.66666666666667,4.57142857142857,9
425,1,2,2,4,1,1,0,0,4.96428571428571,5,5,4.71428571428571,5,5,5,5,5,9
426,1,2,2,1,1,0,0,0,4.75,5,5,4.71428571428571,5,5,4,5,4.28571428571429,10
427,1,2,2,1,1,1,0,0,4.76488095238095,4.33333333333333,5,4.28571428571429,5,4.5,5,5,5,9
428,1,2,3,1,1,0,0,0,4.59375,4.66666666666667,5,4.28571428571429,4.75,4.5,4.5,4.33333333333333,4.71428571428571,10
429,2,2,3,1,1,0,0,0,4.33333333333333,4.33333333333333,4,4.57142857142857,4.5,4,4.5,4.33333333333333,4.42857142857143,10
430,2,2,3,1,1,0,0,0,4.59077380952381,4,4.66666666666667,4.57142857142857,5,4.5,4.75,4.66666666666667,4.57142857142857,10
431,2,2,3,1,1,0,0,0,3.93452380952381,4,3.33333333333333,3.85714285714286,4,4,4,4,4.28571428571429,9
432,1,2,4,1,1,1,0,0,4.96875,5,5,5,5,5,4.75,5,5,10
433,1,2,2,3,0,1,0,0,4.12202380952381,4,4,4,4.25,4.5,3.75,4.33333333333333,4.14285714285714,10
434,1,2,2,2,0,0,1,0,4.84523809523809,4.66666666666667,5,4.57142857142857,5,5,5,4.66666666666667,4.85714285714286,9
435,2,2,2,1,0,1,0,0,4.56845238095238,4.33333333333333,4,4.14285714285714,4.75,5,4.75,5,4.57142857142857,10
436,2,2,2,2,0,1,0,0,3.8735119047619,3.33333333333333,4.33333333333333,3.71428571428571,4,4,3.75,4,3.85714285714286,9
437,1,2,4,1,0,1,0,0,4.95833333333333,5,4.66666666666667,5,5,5,5,5,5,10
438,2,2,1,4,1,0,0,0,4.14880952380952,4,4,3.57142857142857,4.25,4.5,4.25,4.33333333333333,4.28571428571429,8
439,2,2,1,2,1,0,0,0,4.76636904761905,4.66666666666667,5,4.85714285714286,4.5,4.5,4.75,5,4.85714285714286,10
440,1,2,2,4,1,1,0,0,4.44940476190476,4,5,4,4.5,4.5,4.5,4.66666666666667,4.42857142857143,10
441,2,2,2,1,1,1,0,0,4.77678571428571,4,5,4.71428571428571,5,4.5,5,5,5,10
442,2,2,2,1,1,1,0,0,4.91666666666667,4.33333333333333,5,5,5,5,5,5,5,10
443,1,2,3,2,1,1,0,0,4.82589285714286,5,5,3.85714285714286,5,5,4.75,5,5,8
444,1,2,3,1,1,0,0,0,4.35714285714286,4.33333333333333,4,4.28571428571429,4.5,4.5,4,4.66666666666667,4.57142857142857,10
445,1,2,3,1,1,1,0,0,4.96428571428571,5,5,4.71428571428571,5,5,5,5,5,9
446,1,2,4,1,1,0,0,1,4.33779761904762,4.33333333333333,4.66666666666667,3.71428571428571,4.5,4,4.25,4.66666666666667,4.57142857142857,9
447,1,2,4,1,1,0,0,0,4.72023809523809,4.66666666666667,4.66666666666667,4.57142857142857,5,4.5,4.5,5,4.85714285714286,9
448,2,2,4,1,1,0,0,0,4.65625,4,5,4.14285714285714,4.5,5,4.75,5,4.85714285714286,9
449,2,2,1,2,0,1,0,0,4.59375,4,5,4.14285714285714,4.5,4.5,4.75,5,4.85714285714286,9
450,1,2,2,4,0,1,0,0,4.85267857142857,5,5,4.85714285714286,4.5,5,4.75,5,4.71428571428571,10
451,1,2,2,1,0,0,0,1,4.50297619047619,3.33333333333333,4.33333333333333,4,5,5,4.5,5,4.85714285714286,8
452,2,2,2,1,0,0,0,1,4.16666666666667,4,4,3.71428571428571,4.25,4.5,4.25,4.33333333333333,4.28571428571429,9
453,1,2,1,2,1,1,0,0,4.68154761904762,4.66666666666667,4.33333333333333,4.42857142857143,4.75,5,4.75,4.66666666666667,4.85714285714286,10
454,1,2,2,1,1,0,0,0,4.81101190476191,4.66666666666667,5,4.57142857142857,4.75,4.5,5,5,5,10
455,1,2,2,1,1,0,0,0,3.96875,4,4,3.85714285714286,4,4,3.75,4,4.14285714285714,9
456,1,2,2,1,1,0,0,0,4.19196428571429,4,4.66666666666667,4,4,4,4.25,4.33333333333333,4.28571428571429,9
457,1,2,3,4,1,0,0,0,4.18452380952381,4,4,3.85714285714286,4.25,4.5,4.25,4.33333333333333,4.28571428571429,8
458,1,2,3,1,1,1,0,1,4.29315476190476,4,5,4,4,4.5,3.75,4.66666666666667,4.42857142857143,10
459,1,2,3,1,1,0,0,0,4.54017857142857,4.66666666666667,4.66666666666667,4.14285714285714,4.5,5,4.25,4.66666666666667,4.42857142857143,9
460,2,2,3,1,1,0,0,0,4.94047619047619,4.66666666666667,5,4.85714285714286,5,5,5,5,5,10
461,1,2,4,1,1,0,0,0,4.94642857142857,5,5,4.85714285714286,5,5,5,5,4.71428571428571,10
462,1,2,1,2,0,1,0,0,4.96875,5,5,5,4.75,5,5,5,5,10
463,2,2,1,1,0,1,0,0,4.81845238095238,4.66666666666667,4.66666666666667,4.71428571428571,5,4.5,5,5,5,10
464,2,2,1,2,0,1,0,0,4.52976190476191,4.66666666666667,5,4.71428571428571,4.75,4.5,3.75,4,4.85714285714286,9
465,1,2,2,2,0,1,0,0,4.89880952380952,4.33333333333333,5,4.85714285714286,5,5,5,5,5,10
466,1,2,2,2,0,1,0,0,4.90922619047619,5,4.66666666666667,4.85714285714286,5,5,4.75,5,5,9
467,1,2,3,2,0,1,0,0,4.03720238095238,4.33333333333333,4,3.42857142857143,4.25,4,4,4,4.28571428571429,8
468,1,2,3,1,0,1,0,0,4.80208333333333,5,4.66666666666667,4.28571428571429,4.75,5,5,5,4.71428571428571,9
469,1,3,1,2,1,0,0,0,4.98214285714286,5,5,4.85714285714286,5,5,5,5,5,10
470,2,3,1,2,1,0,0,0,4.58035714285714,4.33333333333333,4.66666666666667,4.28571428571429,5,4,4.5,5,4.85714285714286,10
471,2,3,1,2,1,1,0,0,4.50595238095238,5,4,4,4.75,4.5,4.75,4.33333333333333,4.71428571428571,9
472,1,3,2,2,1,0,0,0,4.76934523809524,4.66666666666667,5,4.71428571428571,4.75,5,4.5,4.66666666666667,4.85714285714286,10
473,1,3,2,2,1,0,0,0,4.95089285714286,5,5,4.85714285714286,4.75,5,5,5,5,10
474,1,3,2,1,1,0,0,0,4.5625,4.66666666666667,5,4.42857142857143,4.25,4.5,4.75,4.33333333333333,4.57142857142857,10
475,1,3,2,1,1,1,0,0,4.94047619047619,5,4.66666666666667,4.85714285714286,5,5,5,5,5,10
476,1,3,2,1,1,0,0,0,4.98214285714286,5,5,4.85714285714286,5,5,5,5,5,9
477,1,3,2,1,1,0,0,0,4.36904761904762,3.33333333333333,4.66666666666667,3.85714285714286,4.75,4.5,4.75,4.66666666666667,4.42857142857143,8
478,2,3,2,2,1,1,0,0,4.26190476190476,3.66666666666667,4.33333333333333,4,4.25,5,3.75,4.66666666666667,4.42857142857143,10
479,1,3,3,4,1,1,0,0,4.91964285714286,5,5,4.85714285714286,5,4.5,5,5,5,10
480,1,3,3,2,1,1,0,0,3.94642857142857,4,4,3.57142857142857,4,4,4,4,4,8
481,1,3,3,1,1,1,0,1,4.13095238095238,4,4,3.71428571428571,4.25,4.5,4.25,4.33333333333333,4,10
482,1,3,3,1,1,1,0,1,4.83184523809524,4.66666666666667,4.66666666666667,4.57142857142857,5,5,4.75,5,5,10
483,1,3,3,1,1,1,0,0,4.9375,5,5,5,4.75,5,4.75,5,5,10
484,1,3,3,1,1,1,0,0,4.69940476190476,4.66666666666667,4.33333333333333,4.71428571428571,5,5,4.5,4.66666666666667,4.71428571428571,9
485,1,3,3,1,1,0,0,0,4.88690476190476,4.66666666666667,5,4.57142857142857,5,5,5,5,4.85714285714286,9
486,2,3,3,1,1,0,0,0,4.6264880952381,4.33333333333333,5,4.71428571428571,4.5,5,3.75,5,4.71428571428571,10
487,2,3,4,1,1,1,0,0,4.95089285714286,5,5,4.85714285714286,4.75,5,5,5,5,10
488,1,3,1,2,0,0,1,0,3.19392857142857,3,3,3.42857142857143,2.5,3,3.25,3.33,4.04285714285714,1
489,2,3,1,4,0,1,0,0,4.88095238095238,4.33333333333333,5,4.71428571428571,5,5,5,5,5,10
490,2,3,1,1,0,1,0,0,4.98214285714286,5,5,4.85714285714286,5,5,5,5,5,10
491,1,3,2,2,0,1,0,0,4.76934523809524,4.33333333333333,5,4.71428571428571,4.75,4.5,5,5,4.85714285714286,10
492,1,3,2,2,0,1,0,0,4.88392857142857,5,5,4.57142857142857,5,4.5,5,5,5,10
493,1,3,2,2,0,1,0,0,4.82440476190476,4.66666666666667,5,4.42857142857143,5,4.5,5,5,5,9
494,1,3,2,1,0,1,0,0,4.95089285714286,5,5,4.85714285714286,5,5,4.75,5,5,10
495,1,3,2,1,0,1,0,0,4.07291666666667,3.66666666666667,3.33333333333333,3.71428571428571,4.25,5,4,4.33333333333333,4.28571428571429,8
496,1,3,3,1,0,1,0,0,4.32886904761905,4.66666666666667,4,4.42857142857143,4,4.5,3.75,5,4.28571428571429,9
497,1,3,3,1,0,1,0,0,4.33630952380952,4.33333333333333,4.33333333333333,4.28571428571429,4,4,4.5,4.66666666666667,4.57142857142857,9
498,2,3,3,1,0,1,0,0,4.75892857142857,4.33333333333333,5,4.57142857142857,5,4.5,5,4.66666666666667,5,10
499,2,3,3,1,0,1,0,0,4.29315476190476,4.66666666666667,4.33333333333333,4.28571428571429,4,4,4.25,4.66666666666667,4.14285714285714,9
500,2,3,3,1,0,1,0,1,4.34821428571429,3.33333333333333,5,3.42857142857143,4.75,4.5,4.25,4.66666666666667,4.85714285714286,8
501,2,3,1,2,1,0,0,0,4.92708333333333,5,5,5,5,5,4.75,4.66666666666667,5,10
502,2,3,1,1,1,1,0,0,4.36011904761905,4,4,4.14285714285714,4.5,5,4,4.66666666666667,4.57142857142857,9
503,1,3,2,1,1,1,0,0,4.69345238095238,4,4.33333333333333,4.85714285714286,4.75,5,4.75,5,4.85714285714286,10
504,1,3,2,1,1,0,0,0,4.05803571428571,4,3,4.14285714285714,4.25,5,3.5,4,4.57142857142857,9
505,1,3,2,1,1,0,0,0,4,4,4,3.85714285714286,4,4,4,4,4.14285714285714,8
506,1,3,2,1,1,0,0,0,4.73214285714286,5,4,3.85714285714286,5,5,5,5,5,8
507,1,3,2,1,1,1,0,0,3.83184523809524,2.66666666666667,4,3.85714285714286,4,4,3.75,3.66666666666667,4.71428571428571,3
508,2,3,2,2,1,0,0,0,4.7797619047619,4.33333333333333,4.66666666666667,4.57142857142857,5,5,5,4.66666666666667,5,10
509,2,3,2,1,1,0,0,0,4.88541666666667,4.66666666666667,4.66666666666667,5,4.75,5,5,5,5,10
510,1,3,3,1,1,0,0,0,4.79464285714286,4,5,4.85714285714286,4.75,5,4.75,5,5,9
511,2,3,3,4,1,0,0,0,4.64136904761905,4.33333333333333,4.33333333333333,4.71428571428571,5,4,4.75,5,5,10
512,2,3,3,1,1,0,0,0,4.91517857142857,5,5,4.57142857142857,4.75,5,5,5,5,9
513,1,3,4,1,1,1,0,0,4.15327380952381,4,4.33333333333333,3.85714285714286,4.25,4.5,4,4,4.28571428571429,8
514,1,3,4,1,1,1,0,0,3.80505952380952,3.66666666666667,3.66666666666667,3,4.5,4,3.75,4,3.85714285714286,3
515,2,3,4,1,1,0,0,0,4.89880952380952,4.33333333333333,5,4.85714285714286,5,5,5,5,5,10
516,2,3,4,1,1,0,0,0,4.13988095238095,4,4,4,4,4.5,4,4.33333333333333,4.28571428571429,9
517,2,3,2,1,0,1,0,0,4.60714285714286,4.33333333333333,5,4,4.75,4.5,4.75,4.66666666666667,4.85714285714286,9
518,1,3,4,1,0,0,0,0,4.25,4,4.66666666666667,4,4.25,4.5,4.25,4.33333333333333,4,10
519,1,3,1,2,1,1,0,0,4.24404761904762,4,4.33333333333333,4,4.25,4.5,4.25,4.33333333333333,4.28571428571429,10
520,1,3,1,2,1,0,0,0,4.86309523809524,4.66666666666667,4.66666666666667,4.85714285714286,5,5,5,5,4.71428571428571,10
521,1,3,2,1,1,1,0,0,4.5625,5,4.33333333333333,4.57142857142857,4.25,4.5,4.75,4.66666666666667,4.42857142857143,10
522,1,3,2,1,1,0,0,0,4.94047619047619,5,4.66666666666667,4.85714285714286,5,5,5,5,5,10
523,2,3,2,1,1,0,0,0,4.58779761904762,4,3.66666666666667,4.85714285714286,5,5,4.75,5,4.42857142857143,10
524,2,3,2,1,1,0,0,0,4.61458333333333,4.66666666666667,4.33333333333333,4.42857142857143,5,4.5,4.75,4.66666666666667,4.57142857142857,10
525,2,3,2,1,1,1,0,0,4.36755952380952,4.66666666666667,4.33333333333333,4.42857142857143,4.5,4.5,3.75,4.33333333333333,4.42857142857143,9
526,2,3,2,1,1,0,0,0,4.62797619047619,4.66666666666667,5,3.85714285714286,4.5,5,4,5,5,8
527,1,3,3,1,1,1,0,1,4.87053571428571,5,5,4.71428571428571,5,4.5,4.75,5,5,10
528,1,3,3,1,1,0,0,0,3.97916666666667,3.66666666666667,4,4,4,4.5,4,3.66666666666667,4,9
529,2,3,3,1,1,1,0,0,4.75744047619048,4.66666666666667,5,4.14285714285714,4.5,5,4.75,5,5,9
530,2,3,4,1,1,0,0,0,4.89136904761905,5,5,4.71428571428571,5,5,4.75,4.66666666666667,5,10
531,1,3,4,1,1,0,0,1,4.44791666666667,3.66666666666667,3.66666666666667,4.28571428571429,4.75,5,4.5,5,4.71428571428571,10
532,1,3,4,1,1,0,0,1,4.90476190476191,4.66666666666667,5,4.57142857142857,5,5,5,5,5,10
533,1,3,4,1,1,1,0,0,4.90476190476191,4.66666666666667,5,4.57142857142857,5,5,5,5,5,10
534,1,3,4,1,1,0,0,0,4.98214285714286,5,5,4.85714285714286,5,5,5,5,5,9
535,1,3,4,1,1,1,0,0,4.15327380952381,4,4,3.85714285714286,4,4.5,4.25,4.33333333333333,4.28571428571429,8
536,2,3,4,1,1,0,0,0,4.46279761904762,4.66666666666667,5,3.42857142857143,4,5,4.75,4,4.85714285714286,8
537,2,3,1,4,0,1,0,0,4.51488095238095,5,5,3.85714285714286,4.5,4.5,4.5,4.33333333333333,4.42857142857143,9
538,2,3,1,2,0,1,0,0,4.26934523809524,4,5,3.85714285714286,4,4,4.25,4.33333333333333,4.71428571428571,8
539,2,3,1,1,0,1,0,0,4.69940476190476,4.66666666666667,4,4.42857142857143,5,4.5,5,5,5,9
540,2,3,1,3,0,1,0,0,4.6860119047619,5,4.66666666666667,4.71428571428571,5,4,4.25,5,4.85714285714286,10
541,2,3,1,2,0,1,0,0,4.90476190476191,4.66666666666667,5,4.57142857142857,5,5,5,5,5,10
542,2,3,2,1,0,1,0,0,3.93005952380952,4,3,4.14285714285714,4.25,4,4,4.33333333333333,3.71428571428571,9
543,2,3,2,1,0,1,0,0,4.64732142857143,4.66666666666667,4.33333333333333,4.57142857142857,5,4.5,4.25,5,4.85714285714286,10
544,1,3,2,1,0,1,0,0,4.35267857142857,4,5,4,4,5,4.25,4,4.57142857142857,10
545,1,3,3,2,0,1,0,0,4.23065476190476,4,4.33333333333333,4,4.25,4.5,4,4.33333333333333,4.42857142857143,10
546,1,3,3,1,0,1,0,0,4.54017857142857,4,4.33333333333333,4.85714285714286,4.5,4.5,4.75,4.66666666666667,4.71428571428571,10
547,1,3,3,1,0,1,0,0,4.52232142857143,5,5,4.57142857142857,4.25,4,4.5,4,4.85714285714286,9
548,1,3,3,4,0,1,0,0,4.80059523809524,5,4.66666666666667,4.71428571428571,4.5,5,5,4.66666666666667,4.85714285714286,10
549,1,3,1,2,1,0,0,0,4.88541666666667,4.66666666666667,4.66666666666667,5,4.75,5,5,5,5,10
550,2,3,1,4,1,0,0,0,4.08630952380952,4,4,3.57142857142857,4.25,4.5,3.75,4.33333333333333,4.28571428571429,8
551,2,3,1,1,1,0,0,0,4.93303571428571,5,5,4.85714285714286,4.75,5,5,5,4.85714285714286,10
552,1,3,2,2,1,0,0,0,4.91964285714286,5,5,4.85714285714286,5,4.5,5,5,5,10
553,2,3,2,2,1,1,0,0,4.58333333333333,4.66666666666667,4,4.57142857142857,5,4.5,4.5,5,4.42857142857143,10
554,2,3,2,1,1,1,0,0,4.83184523809524,4.33333333333333,5,4.71428571428571,5,5,4.75,5,4.85714285714286,10
555,2,3,2,1,1,0,0,0,4.17261904761905,4,4.33333333333333,3.71428571428571,4,4.5,4.5,4.33333333333333,4,8
556,1,3,3,2,1,1,0,0,3.98809523809524,4,4,3.57142857142857,4,4,4,4.33333333333333,4,8
557,1,3,3,1,1,1,0,0,4.20238095238095,4,4,4,4.25,4.5,4.25,4.33333333333333,4.28571428571429,10
558,1,3,3,1,1,0,0,0,4.40029761904762,5,4,4.71428571428571,4.5,4,3.75,4.66666666666667,4.57142857142857,10
559,1,3,3,1,1,1,0,0,4.41220238095238,4,4.66666666666667,4.28571428571429,4.5,4.5,4.25,4.66666666666667,4.42857142857143,9
560,1,3,3,1,1,1,0,0,4.62053571428571,4,5,3.71428571428571,4.5,5,4.75,5,5,8
561,2,3,3,1,1,1,0,1,4.94047619047619,4.66666666666667,5,5,5,5,5,5,4.85714285714286,10
562,1,3,4,1,1,1,0,0,3.96428571428571,4,4,3.71428571428571,4,4,4,4,4,8
563,2,3,4,1,1,1,0,0,4.42708333333333,4.66666666666667,4.33333333333333,4.42857142857143,4.5,4.5,3.75,4.66666666666667,4.57142857142857,9
564,2,3,1,4,0,1,0,0,4.42261904761905,4.66666666666667,5,4.28571428571429,4.25,5,3.75,4,4.42857142857143,9
565,2,3,1,2,0,1,0,0,4.93303571428571,5,5,4.71428571428571,4.75,5,5,5,5,10
566,2,3,1,1,0,1,0,0,4.67410714285714,4.66666666666667,4.33333333333333,4.42857142857143,4.75,5,4.5,5,4.71428571428571,9
567,2,3,1,1,0,1,0,0,4.91964285714286,5,5,5,5,4.5,5,5,4.85714285714286,10
568,1,3,2,2,0,1,0,0,4.79761904761905,5,5,4.85714285714286,4.5,4.5,5,4.66666666666667,4.85714285714286,9
569,2,3,2,1,0,1,0,0,4.64434523809524,4.66666666666667,5,3.71428571428571,4.5,5,4.75,4.66666666666667,4.85714285714286,8
570,1,3,2,1,0,1,0,0,4.92261904761905,4.66666666666667,5,4.71428571428571,5,5,5,5,5,10
571,1,3,3,4,0,1,0,0,3.92857142857143,4,4,3.57142857142857,4,4,4,4,3.85714285714286,8
572,1,3,3,1,0,1,0,0,4.86309523809524,4.33333333333333,5,4.57142857142857,5,5,5,5,5,10
573,1,3,3,1,0,1,0,0,4,3.66666666666667,4,4,4,4,4,4.33333333333333,4,9
574,2,3,3,4,0,1,0,0,4.76190476190476,4.66666666666667,5,4.42857142857143,5,4.5,4.5,5,5,9
575,2,3,3,2,0,1,0,0,4.89880952380952,5,4.66666666666667,5,5,5,5,4.66666666666667,4.85714285714286,10
576,2,3,3,1,0,1,0,0,4.90922619047619,5,5,4.85714285714286,5,5,4.75,4.66666666666667,5,10
577,2,3,1,2,1,0,0,0,4.87797619047619,5,5,5,5,4.5,5,4.66666666666667,4.85714285714286,10
578,1,3,2,2,1,1,0,0,4,4,4,4,4,4,4,4,4,9
579,1,3,2,1,1,1,0,0,4.35267857142857,4,4.66666666666667,4,4.25,4.5,4.5,4.33333333333333,4.57142857142857,10
580,1,3,2,1,1,0,0,0,4.38839285714286,3.66666666666667,5,4.14285714285714,4,4.5,4.75,4.33333333333333,4.71428571428571,10
581,1,3,2,1,1,0,0,0,4.96428571428571,5,5,4.71428571428571,5,5,5,5,5,10
582,1,3,2,1,1,1,0,0,4.06398809523809,4,4,3.14285714285714,4,4.5,4.25,4.33333333333333,4.28571428571429,8
583,2,3,2,1,1,0,0,0,4.86755952380952,4.33333333333333,5,5,4.75,5,5,5,4.85714285714286,10
584,2,3,2,1,1,0,0,0,4.8125,5,5,4,5,4.5,5,5,5,9
585,2,3,3,1,1,0,0,1,4.6860119047619,5,5,5,4.5,5,3.75,4.66666666666667,4.57142857142857,10
586,2,3,3,1,1,0,0,0,4.69791666666667,4.66666666666667,5,4.42857142857143,4.75,5,4.5,4.66666666666667,4.57142857142857,10
587,1,3,4,1,1,0,0,0,4.63690476190476,5,5,4.71428571428571,5,3.5,4.5,4.66666666666667,4.71428571428571,10
588,1,3,4,1,1,0,0,0,4.18898809523809,4,4,4,4.25,4,4.5,4.33333333333333,4.42857142857143,9
589,1,3,1,4,0,1,0,0,4.89880952380952,5,4.33333333333333,4.85714285714286,5,5,5,5,5,10
590,1,3,1,1,0,1,0,0,3.98214285714286,4,4,4,4,4,4,4,3.85714285714286,10
591,2,3,1,2,0,1,0,0,4.86607142857143,5,5,4.57142857142857,4.5,5,5,5,4.85714285714286,10
592,1,3,2,2,0,1,0,0,4.90922619047619,5,5,4.85714285714286,5,5,4.75,4.66666666666667,5,10
593,1,3,2,1,0,1,0,0,4.96428571428571,5,5,4.71428571428571,5,5,5,5,5,10
594,1,3,2,1,0,1,0,0,4.1875,4,4.66666666666667,3.71428571428571,4,4,4.5,4.33333333333333,4.28571428571429,9
595,2,3,2,1,0,1,0,0,4.80654761904762,5,5,4.28571428571429,4.5,5,5,4.66666666666667,5,9
596,1,3,3,1,0,1,0,0,4.67708333333333,4.66666666666667,5,5,5,4,3.75,5,5,10
597,2,3,3,2,0,1,0,0,3.96428571428571,3.66666666666667,4,3.57142857142857,4,4,4,4.33333333333333,4.14285714285714,8
598,2,3,3,1,0,1,0,0,4.93303571428571,5,5,4.85714285714286,4.75,5,5,5,4.85714285714286,10
599,2,3,4,1,0,1,0,0,4.55654761904762,4.33333333333333,5,4.28571428571429,4,5,4.5,4.33333333333333,5,10
600,1,3,2,1,1,0,0,0,4.54315476190476,4,5,4.42857142857143,4.25,4,5,4.66666666666667,5,9
601,1,3,2,1,1,1,0,0,4.76934523809524,4.66666666666667,5,4.57142857142857,4.5,5,4.75,4.66666666666667,5,9
602,1,3,2,1,1,0,0,0,4.27083333333333,4.66666666666667,5,3.85714285714286,4,4,4.5,4,4.14285714285714,8
603,2,3,2,3,1,0,0,0,4.93303571428571,5,5,4.85714285714286,4.75,5,5,5,4.85714285714286,10
604,2,3,2,1,1,1,0,1,4.85119047619048,4.66666666666667,5,4.14285714285714,5,5,5,5,5,9
605,1,3,3,1,1,1,0,0,4.08630952380952,4,4,3.71428571428571,4.25,4,4.25,4.33333333333333,4.14285714285714,10
606,1,3,3,1,1,0,0,0,4.77678571428571,5,5,4.85714285714286,4.75,5,4.75,4,4.85714285714286,10
607,2,3,3,1,1,1,0,0,4.14136904761905,4.33333333333333,4.33333333333333,3.57142857142857,4.25,4,4.5,4,4.14285714285714,8
608,1,3,4,1,1,0,0,0,4.25744047619048,4.33333333333333,3.66666666666667,4.57142857142857,3.75,5,4.5,3.66666666666667,4.57142857142857,10
609,1,3,4,1,1,1,0,0,4.83928571428571,5,4,5,5,5,5,5,4.71428571428571,10
610,1,3,4,1,1,1,0,0,3.77529761904762,3.66666666666667,4.33333333333333,3.14285714285714,3.25,4,4,3.66666666666667,4.14285714285714,2
611,2,3,4,1,1,1,0,0,4.15625,4.33333333333333,4.33333333333333,4,4,4,4.25,4.33333333333333,4,9
612,1,3,1,2,0,1,0,0,4.38988095238095,4.33333333333333,4.66666666666667,4.57142857142857,4.25,4.5,3.75,4.33333333333333,4.71428571428571,9
613,2,3,1,2,0,1,0,0,4.60267857142857,4.66666666666667,5,4.71428571428571,4.75,4,4.5,4.33333333333333,4.85714285714286,10
614,2,3,1,1,0,1,0,0,4.04464285714286,4,4,4,4,4.5,4,4,3.85714285714286,9
615,1,3,2,2,0,0,1,0,4.52529761904762,4,4.33333333333333,4.71428571428571,4.75,5,4.5,4.33333333333333,4.57142857142857,10
616,1,3,2,1,0,1,0,0,4.62797619047619,5,4.33333333333333,4.42857142857143,4.75,5,4.75,4.33333333333333,4.42857142857143,10
617,2,3,2,1,0,1,0,0,4.70684523809524,4.66666666666667,4.66666666666667,4.71428571428571,4.5,4.5,4.75,5,4.85714285714286,10
618,1,3,3,4,0,1,0,0,3.89880952380952,3.33333333333333,5,2.85714285714286,4.25,4,3.75,4,4,8
619,2,3,3,1,0,0,0,1,4.9375,5,5,5,4.5,5,5,5,5,10
620,2,3,3,1,0,0,0,1,4.86904761904762,4.66666666666667,5,4.28571428571429,5,5,5,5,5,9
621,1,3,4,1,0,0,0,0,4.52827380952381,4,4.66666666666667,4.28571428571429,4.75,4.5,4.5,4.66666666666667,4.85714285714286,9
622,1,3,4,1,0,0,0,1,4.76636904761905,5,5,3.85714285714286,5,5,4.75,4.66666666666667,4.85714285714286,8
623,1,3,1,2,1,1,0,0,4.2827380952381,4.66666666666667,4,4.14285714285714,4.5,4,4,4.66666666666667,4.28571428571429,10
624,1,3,1,1,1,0,0,0,4.81696428571429,5,5,4.28571428571429,4.75,5,4.5,5,5,9
625,1,3,2,1,1,0,0,0,4.76190476190476,4.66666666666667,4,4.71428571428571,5,5,5,5,4.71428571428571,10
626,1,3,3,1,1,1,0,0,4.50744047619048,4.33333333333333,4.66666666666667,4.57142857142857,4.5,5,3.75,4.66666666666667,4.57142857142857,10
627,1,3,3,1,1,0,0,0,3.9389880952381,4,3,3.85714285714286,4,4.5,4.25,4.33333333333333,3.57142857142857,9
628,1,3,3,1,1,1,0,0,4.18452380952381,4.66666666666667,4,3.28571428571429,4,4.5,4.5,4.66666666666667,3.85714285714286,8
629,1,3,4,1,1,0,0,0,3.80505952380952,3.66666666666667,3.66666666666667,3.42857142857143,4,4,4.25,4,3.42857142857143,2
630,2,3,1,4,0,1,0,0,4.60119047619048,4.33333333333333,5,4.28571428571429,4.75,5,4.25,4.33333333333333,4.85714285714286,10
631,2,3,1,2,0,1,0,0,4.90178571428571,5,5,4.85714285714286,5,4.5,5,5,4.85714285714286,10
632,2,3,1,2,0,1,0,0,4.28720238095238,4.33333333333333,4.33333333333333,3.85714285714286,4,4,4.25,4.66666666666667,4.85714285714286,8
633,1,3,2,1,0,1,0,0,3.74255952380952,3,3.33333333333333,3.71428571428571,3.75,4,4,4,4.14285714285714,8
634,2,3,2,1,0,1,0,0,4.41666666666667,4,4.66666666666667,4.85714285714286,4.75,4,4.25,4.66666666666667,4.14285714285714,10
635,2,3,2,1,0,1,0,0,4.92708333333333,4.66666666666667,5,5,4.75,5,5,5,5,10
636,1,3,2,1,0,1,0,0,4.15327380952381,4,4,3.85714285714286,4,4.5,4.25,4.33333333333333,4.28571428571429,8
637,1,3,1,1,1,1,0,0,3.97767857142857,4,4,3.57142857142857,4,4.5,3.75,4,4,8
638,1,3,2,4,1,0,0,0,4.88392857142857,5,5,4.71428571428571,5,4.5,5,5,4.85714285714286,9
639,1,3,2,2,1,0,0,0,4.81398809523809,4.66666666666667,4.66666666666667,4.42857142857143,4.75,5,5,5,5,9
640,1,3,2,1,1,0,0,0,4.75595238095238,4.66666666666667,4.66666666666667,4.71428571428571,4.5,4.5,5,5,5,10
641,1,3,2,1,1,0,0,0,3.83482142857143,4,3,4,4,4.5,3.75,4,3.42857142857143,9
642,1,3,2,1,1,1,0,0,4.30505952380952,2.66666666666667,3.66666666666667,4.42857142857143,4.5,5,4.75,5,4.42857142857143,9
643,1,3,2,1,1,1,0,0,3.80654761904762,2.33333333333333,4,3.42857142857143,3.75,4.5,4.25,4.33333333333333,3.85714285714286,8
644,2,3,2,2,1,0,0,0,4.24851190476191,4,4,4.14285714285714,4,4.5,4.25,4.66666666666667,4.42857142857143,9
645,2,3,2,1,1,1,0,1,3.83035714285714,4,4,3,3.75,4,3.75,4,4.14285714285714,8
646,1,3,3,1,1,0,0,0,4.96875,5,5,5,5,5,4.75,5,5,10
647,1,3,3,1,1,0,0,0,4.67708333333333,4,5,4.42857142857143,4.75,5,5,4.66666666666667,4.57142857142857,9
648,2,3,3,1,1,1,0,0,4.92261904761905,4.66666666666667,5,4.71428571428571,5,5,5,5,5,10
649,1,3,1,2,0,1,0,0,3.98214285714286,4,4,3.85714285714286,4,4,4,4,4,9
650,2,3,1,1,0,1,0,0,4.16666666666667,4,4,3.71428571428571,4,5,4,4.33333333333333,4.28571428571429,8
651,2,3,2,1,0,1,0,0,4.63095238095238,4.33333333333333,5,3.71428571428571,4.5,5,4.5,5,5,8
652,1,3,4,1,0,1,0,1,4.70833333333333,4,4.66666666666667,4.14285714285714,5,5,5,5,4.85714285714286,9
653,2,3,1,1,1,0,0,0,4.39136904761905,4.33333333333333,5,4,4.5,4,4.25,4.33333333333333,4.71428571428571,9
654,1,3,2,1,1,1,0,0,4.72023809523809,5,4.33333333333333,4.85714285714286,4.5,4.5,5,5,4.57142857142857,10
655,1,3,2,1,1,0,0,0,4.98214285714286,5,5,4.85714285714286,5,5,5,5,5,9
656,2,3,2,1,1,1,0,1,4.81547619047619,5,5,4.85714285714286,4.75,4.5,4.75,4.66666666666667,5,10
657,1,3,3,1,1,0,0,0,4.96875,5,5,5,5,5,4.75,5,5,10
658,2,3,3,1,1,1,0,0,4.78125,5,5,4.28571428571429,4.75,4.5,5,5,4.71428571428571,9
659,1,3,4,1,1,0,0,0,4.7172619047619,4.33333333333333,4.33333333333333,4.71428571428571,5,5,4.5,5,4.85714285714286,9
660,1,3,4,1,1,1,0,0,3.87053571428571,3.66666666666667,4,3.71428571428571,3.5,4,3.75,4.33333333333333,4,8
661,1,3,2,1,0,1,0,0,4.94047619047619,5,5,4.85714285714286,5,5,5,4.66666666666667,5,10
662,1,3,2,1,0,1,0,0,4.77232142857143,5,4,4.71428571428571,5,5,4.75,5,4.71428571428571,9
663,2,3,2,2,0,1,0,0,4.70089285714286,4.33333333333333,4.66666666666667,4.14285714285714,5,5,4.75,5,4.71428571428571,9
664,1,3,3,1,0,1,0,0,4.58333333333333,4,4.66666666666667,4.28571428571429,5,4.5,4.5,5,4.71428571428571,9
665,2,3,1,2,1,1,0,0,4.20238095238095,4,4,4,4,4.5,4.5,4.33333333333333,4.28571428571429,9
666,1,3,2,2,1,0,0,0,4.02380952380952,4,4,3.71428571428571,4,4,4,4.33333333333333,4.14285714285714,8
667,1,3,3,1,1,0,0,0,4.29613095238095,4,4,4,4.25,5,4.5,4.33333333333333,4.28571428571429,9
668,1,3,3,1,1,0,0,0,4.34523809523809,3.66666666666667,4.66666666666667,3.71428571428571,4.25,4.5,4.25,5,4.71428571428571,9
669,1,3,3,1,1,0,0,0,4.94642857142857,5,5,4.71428571428571,5,5,5,5,4.85714285714286,9
670,1,3,4,1,1,0,0,0,4.15029761904762,4.33333333333333,4,4,4,4,4.25,4.33333333333333,4.28571428571429,9
671,1,3,1,1,0,1,0,0,4.21577380952381,4,4,4,4.25,4.5,4.5,4.33333333333333,4.14285714285714,9
672,2,3,1,2,0,1,0,0,4.31696428571429,4.66666666666667,4,4.14285714285714,4.5,4.5,4.25,4.33333333333333,4.14285714285714,9
673,2,3,1,1,0,1,0,0,4.91666666666667,4.33333333333333,5,5,5,5,5,5,5,10
674,1,3,2,1,0,1,0,1,4.95089285714286,5,5,4.85714285714286,4.75,5,5,5,5,10
675,1,3,4,1,0,1,0,0,4.09821428571429,3.66666666666667,3.33333333333333,3.57142857142857,4.75,4.5,4.25,5,3.71428571428571,8
676,1,3,1,4,1,1,0,0,4.81845238095238,4.33333333333333,5,4.71428571428571,4.75,5,4.75,5,5,10
677,2,3,2,1,1,1,0,0,4.78125,5,5,5,5,4.5,3.75,5,5,10
678,1,3,3,1,1,1,0,1,4.92261904761905,5,4.66666666666667,4.71428571428571,5,5,5,5,5,10
679,1,3,3,1,1,0,0,0,4.45833333333333,3.66666666666667,4,4.28571428571429,4.75,4.5,4.75,5,4.71428571428571,9
680,1,3,3,1,1,0,0,0,3.59523809523809,4,3,3.28571428571429,3,4.5,3.5,4.33333333333333,3.14285714285714,8
681,2,3,3,1,1,1,0,0,4.39583333333333,4,4.33333333333333,4.28571428571429,4.25,5,4.25,4.33333333333333,4.71428571428571,9
682,1,3,4,1,1,0,0,0,4.91964285714286,5,5,4.85714285714286,5,4.5,5,5,5,10
683,2,3,4,1,1,0,0,0,4.91517857142857,5,5,4.57142857142857,4.75,5,5,5,5,9
684,2,3,1,1,0,0,0,0,4.91964285714286,5,5,4.85714285714286,5,4.5,5,5,5,10
685,1,3,2,1,0,1,0,0,4.92261904761905,5,4.66666666666667,4.71428571428571,5,5,5,5,5,10
686,1,3,2,2,0,1,0,0,4.56696428571429,4.66666666666667,5,4.57142857142857,4.5,4.5,4.25,4.33333333333333,4.71428571428571,10
687,2,3,3,1,0,1,0,0,4.94642857142857,5,5,4.57142857142857,5,5,5,5,5,10
688,2,3,4,1,0,1,0,1,4.37351190476191,4.66666666666667,4.66666666666667,4,4.5,4.5,3.75,4.33333333333333,4.57142857142857,9
689,1,3,1,1,1,0,0,0,4.80654761904762,4.66666666666667,5,4.28571428571429,5,4.5,5,5,5,9
690,1,3,2,2,1,0,0,0,4.36309523809524,3.66666666666667,4,4,4.75,4.5,4.75,4.66666666666667,4.57142857142857,9
691,1,3,3,1,1,1,0,0,4.07291666666667,4,4,4,4,4.5,3.75,4.33333333333333,4,9
692,1,3,4,1,1,1,0,1,3.42857142857143,3,3.33333333333333,3,3.5,4,3.5,3.66666666666667,3.42857142857143,8
693,2,3,4,1,1,1,0,0,4.6547619047619,5,4.33333333333333,4.71428571428571,4.5,5,4.5,4.33333333333333,4.85714285714286,10
694,1,3,4,4,0,0,0,0,4.49404761904762,5,4.66666666666667,4.57142857142857,4.75,4.5,3.75,4,4.71428571428571,9
695,2,3,1,1,0,1,0,0,4.83779761904762,4.66666666666667,5,4.57142857142857,4.75,5,5,5,4.71428571428571,10
696,1,3,2,1,0,1,0,0,4.6264880952381,4.33333333333333,4,4.71428571428571,4.75,4.5,5,5,4.71428571428571,10
697,1,3,2,1,0,1,0,0,4.76190476190476,5,5,4.57142857142857,4.75,4.5,4.75,4.66666666666667,4.85714285714286,10
698,1,3,2,1,0,1,0,0,4.63541666666667,5,5,4,4.75,5,5,3.33333333333333,5,9
699,1,3,2,2,0,1,0,0,4.42857142857143,3.66666666666667,5,3.85714285714286,4.75,5,4.25,4.33333333333333,4.57142857142857,9
700,2,3,3,1,0,1,0,1,4.83928571428571,5,5,4.71428571428571,4.75,4.5,4.75,5,5,9
701,1,3,4,1,0,1,0,0,4.95089285714286,5,5,4.85714285714286,5,5,4.75,5,5,10
702,2,3,4,1,0,1,0,1,4.44791666666667,4,4,4.14285714285714,4.5,5,4.75,4.33333333333333,4.85714285714286,10
703,1,3,2,2,1,1,0,0,4.76934523809524,4.33333333333333,5,4.71428571428571,5,4.5,4.75,5,4.85714285714286,10
704,1,3,2,1,1,0,0,1,4.10267857142857,3.66666666666667,4.33333333333333,4,4,4.5,3.75,4,4.57142857142857,9
705,1,3,2,1,1,0,0,0,4.31398809523809,4,5,4,4,4.5,4.25,4.33333333333333,4.42857142857143,9
706,1,3,1,2,0,1,0,0,4.25446428571429,4.33333333333333,4.66666666666667,3.42857142857143,4,4.5,4.25,4,4.85714285714286,8
707,1,3,2,1,0,1,0,0,4.60863095238095,4.66666666666667,4.66666666666667,4.57142857142857,5,4.5,4.75,4,4.71428571428571,10
708,2,3,2,1,0,1,0,0,4.67559523809524,4,5,4.85714285714286,4.5,5,5,4.33333333333333,4.71428571428571,10
709,2,3,2,1,0,1,0,0,4.87797619047619,4.66666666666667,5,4.85714285714286,5,4.5,5,5,5,10
710,1,3,4,1,0,0,0,0,3.86458333333333,3.66666666666667,4,3.71428571428571,3.5,4,3.75,4,4.28571428571429,9
711,1,3,2,1,1,0,0,0,4.81845238095238,5,5,4.85714285714286,4.5,5,5,4.33333333333333,4.85714285714286,10
712,2,3,1,1,0,1,0,0,4.94047619047619,4.66666666666667,5,4.85714285714286,5,5,5,5,5,10
713,2,3,1,1,0,1,0,1,4.86011904761905,5,5,4.85714285714286,4.75,5,4.75,4.66666666666667,4.85714285714286,10
714,2,3,3,1,0,0,0,1,4.86309523809524,4.66666666666667,5,4.57142857142857,5,5,5,4.66666666666667,5,10
715,2,3,3,1,0,1,0,0,4.71577380952381,5,4.66666666666667,4.28571428571429,5,4.5,4.75,4.66666666666667,4.85714285714286,9
716,2,3,4,1,0,1,0,0,4.09077380952381,4,4,4,4.25,4,4,4.33333333333333,4.14285714285714,10
717,1,3,1,1,1,0,0,0,4.67559523809524,4.33333333333333,5,3.85714285714286,5,4.5,5,5,4.71428571428571,9
718,1,3,1,1,1,0,0,0,4.83184523809524,5,5,4.57142857142857,5,5,4.75,4.33333333333333,5,9
719,1,3,2,1,1,1,0,0,4.28125,4,4,4.42857142857143,4.5,4.5,4.25,4,4.57142857142857,10
720,1,3,4,1,1,1,0,1,4.67857142857143,5,5,4.57142857142857,4.25,5,3.75,5,4.85714285714286,10
721,2,3,1,1,0,1,0,0,4.9375,5,5,5,5,4.5,5,5,5,10
722,2,3,1,1,0,1,0,0,4.76785714285714,5,5,4.28571428571429,4.25,5,4.75,5,4.85714285714286,9
723,1,3,2,1,0,1,0,0,4.98214285714286,5,5,5,5,5,5,5,4.85714285714286,10
724,1,3,4,1,0,1,0,0,4.81398809523809,4.33333333333333,5,4.57142857142857,5,5,4.75,5,4.85714285714286,10
725,1,3,2,2,1,0,0,0,4.95089285714286,5,5,4.85714285714286,4.75,5,5,5,5,10
726,2,3,1,1,0,1,0,0,3.98214285714286,4,4,3.85714285714286,4,4,4,4,4,9
727,1,3,2,2,0,1,0,0,4.89136904761905,5,4.66666666666667,5,4.75,5,5,5,4.71428571428571,10
728,2,3,3,1,0,1,0,0,4.06696428571429,3.66666666666667,4,4,4,4,4.25,4.33333333333333,4.28571428571429,9
729,1,3,2,1,1,0,0,0,3.9375,4,4,3.85714285714286,3.75,4,3.75,4,4.14285714285714,9
730,1,3,1,4,0,1,0,0,4.62797619047619,4,5,3.85714285714286,5,5,4.5,4.66666666666667,5,8
731,2,3,1,1,0,1,0,0,4.90625,5,5,5,4.75,4.5,5,5,5,10
732,1,3,2,1,0,1,0,1,4.16815476190476,3.66666666666667,4.66666666666667,3.85714285714286,4.5,4.5,4.25,4.33333333333333,3.57142857142857,10
733,2,3,4,1,0,1,0,0,3.82589285714286,4,4.33333333333333,3.57142857142857,4,4,3.75,3.66666666666667,3.28571428571429,3
734,1,3,3,1,1,1,0,0,4.94047619047619,4.66666666666667,5,4.85714285714286,5,5,5,5,5,10
735,2,3,1,4,0,1,0,0,4.01041666666667,4,4,4,4,4,3.75,4.33333333333333,4,9
736,1,3,3,1,0,1,0,0,4.48660714285714,4.33333333333333,4,4.85714285714286,5,4,4.75,4.66666666666667,4.28571428571429,10
737,1,3,3,1,0,1,0,0,4.92708333333333,4.66666666666667,5,5,5,5,4.75,5,5,10
738,1,3,3,1,0,1,0,0,4.16666666666667,4,4,3.71428571428571,4.25,4.5,4.25,4.33333333333333,4.28571428571429,9
739,1,3,2,1,1,0,0,0,4.06696428571429,3.66666666666667,4.33333333333333,3.85714285714286,4,4,4.25,4,4.42857142857143,9
740,1,3,2,2,0,1,0,0,4.89880952380952,4.66666666666667,4.66666666666667,4.85714285714286,5,5,5,5,5,10
741,1,3,3,1,0,0,0,1,3.85714285714286,2.66666666666667,4,3.85714285714286,4,4,4,4.33333333333333,4,6
742,2,3,3,1,0,1,0,0,4.95833333333333,4.66666666666667,5,5,5,5,5,5,5,10
743,1,3,4,1,0,1,0,0,4.07440476190476,4.33333333333333,4.33333333333333,3,3.5,5,4,4,4.42857142857143,8
744,1,3,1,1,0,1,0,0,5,5,5,5,5,5,5,5,5,9
745,1,3,3,1,0,1,0,0,4.92261904761905,4.66666666666667,5,4.71428571428571,5,5,5,5,5,10
746,1,3,3,1,0,1,0,0,4.96875,5,5,5,5,5,4.75,5,5,10
747,1,3,3,1,0,1,0,0,3.77232142857143,3.66666666666667,3.33333333333333,2.71428571428571,3.75,5,4,4,3.71428571428571,7
748,1,3,4,1,0,1,0,0,4.75892857142857,4.33333333333333,4.66666666666667,4.71428571428571,5,4.5,5,5,4.85714285714286,10
749,2,3,2,1,1,1,0,0,4.7172619047619,4.33333333333333,4.33333333333333,4.71428571428571,5,5,4.5,5,4.85714285714286,10
750,2,3,3,1,0,1,0,0,4.89583333333333,4.66666666666667,5,5,5,4.5,5,5,5,10
751,1,3,3,1,0,1,0,0,4.91964285714286,5,5,4.85714285714286,5,4.5,5,5,5,10
752,1,3,2,1,0,1,0,0,4.67261904761905,4.33333333333333,4.66666666666667,4.85714285714286,4.75,4.5,4.75,4.66666666666667,4.85714285714286,10
753,1,3,4,1,0,1,0,0,4.24107142857143,4,4.33333333333333,4.14285714285714,4.25,4,4.25,4.66666666666667,4.28571428571429,9
754,1,3,2,1,1,1,0,0,4.39880952380952,3.66666666666667,5,4,4.75,4,4.25,4.66666666666667,4.85714285714286,9
755,2,3,3,1,0,0,0,1,4.91964285714286,5,5,4.85714285714286,5,4.5,5,5,5,10
756,2,3,2,1,0,1,0,1,4.20238095238095,4,4,4,4.25,4.5,4.25,4.33333333333333,4.28571428571429,10
